,id_x,player_api_id,player_name,player_fifa_api_id_x,birthday,height,weight,id_y,player_fifa_api_id_y,date,overall_rating,potential,preferred_foot,attacking_work_rate,defensive_work_rate,crossing,finishing,heading_accuracy,short_passing,volleys,dribbling,curve,free_kick_accuracy,long_passing,ball_control,acceleration,sprint_speed,agility,reactions,balance,shot_power,jumping,stamina,strength,long_shots,aggression,interceptions,positioning,vision,penalties,marking,standing_tackle,sliding_tackle,gk_diving,gk_handling,gk_kicking,gk_positioning,gk_reflexes,team_api_id
765,48,439366,Abdoulaye Toure,210450,1994-03-03 00:00:00,187.96,170,766,210450,2016-05-05 00:00:00,64.0,74.0,right,low,high,46.0,34.0,66.0,68.0,39.0,57.0,41.0,49.0,67.0,58.0,65.0,55.0,46.0,69.0,41.0,57.0,59.0,68.0,81.0,61.0,67.0,62.0,35.0,60.0,39.0,57.0,62.0,58.0,8.0,15.0,9.0,9.0,7.0,8674
1050,68,37422,Abella Perez Damia,159580,1982-04-15 00:00:00,187.96,174,1051,159580,2016-01-28 00:00:00,71.0,71.0,right,high,medium,82.0,46.0,52.0,61.0,49.0,62.0,59.0,59.0,62.0,66.0,70.0,71.0,69.0,75.0,43.0,67.0,71.0,88.0,80.0,58.0,80.0,75.0,55.0,61.0,46.0,65.0,70.0,69.0,13.0,9.0,12.0,19.0,12.0,8674
2118,129,160447,Adam Smith,190885,1991-04-29 00:00:00,180.34,179,2119,190885,2015-11-12 00:00:00,70.0,74.0,right,high,medium,68.0,43.0,56.0,69.0,40.0,68.0,59.0,66.0,60.0,71.0,78.0,74.0,75.0,70.0,69.0,67.0,53.0,72.0,68.0,64.0,62.0,69.0,54.0,58.0,48.0,71.0,70.0,68.0,8.0,9.0,15.0,9.0,6.0,8674
4180,253,32547,Alan Gow,140307,1982-10-09 00:00:00,182.88,154,4181,140307,2015-02-27 00:00:00,63.0,63.0,left,high,medium,59.0,60.0,41.0,65.0,55.0,67.0,62.0,50.0,55.0,65.0,62.0,58.0,78.0,42.0,71.0,62.0,51.0,66.0,52.0,66.0,33.0,35.0,64.0,61.0,62.0,25.0,23.0,25.0,6.0,9.0,10.0,12.0,9.0,8674
3081,182,168047,Adrian Stoian,192072,1991-02-11 00:00:00,177.8,146,3082,192072,2016-02-04 00:00:00,70.0,74.0,right,high,high,69.0,59.0,60.0,67.0,67.0,74.0,77.0,73.0,61.0,75.0,72.0,78.0,83.0,65.0,85.0,70.0,74.0,70.0,34.0,70.0,60.0,22.0,67.0,58.0,65.0,28.0,30.0,32.0,10.0,11.0,7.0,11.0,6.0,8674
4056,246,34268,Alain Nef,49939,1982-02-06 00:00:00,190.5,194,4057,49939,2016-03-10 00:00:00,64.0,64.0,right,medium,medium,43.0,19.0,80.0,49.0,22.0,20.0,44.0,38.0,50.0,38.0,29.0,31.0,43.0,50.0,30.0,46.0,74.0,32.0,81.0,33.0,57.0,63.0,43.0,31.0,45.0,62.0,66.0,64.0,9.0,14.0,8.0,12.0,12.0,8674
1022,65,302985,Abel Khaled,207541,1992-11-09 00:00:00,180.34,148,1023,207541,2015-03-13 00:00:00,61.0,70.0,right,medium,medium,58.0,54.0,42.0,56.0,54.0,75.0,63.0,66.0,54.0,61.0,75.0,70.0,72.0,42.0,58.0,66.0,55.0,49.0,42.0,48.0,26.0,28.0,52.0,52.0,61.0,22.0,30.0,31.0,14.0,11.0,14.0,12.0,12.0,8674
3486,206,213366,Afriyie Acquah,201223,1992-01-05 00:00:00,177.8,154,3487,201223,2016-05-12 00:00:00,73.0,78.0,right,medium,medium,63.0,55.0,60.0,74.0,50.0,75.0,57.0,54.0,70.0,73.0,83.0,79.0,82.0,77.0,80.0,72.0,79.0,89.0,83.0,65.0,78.0,69.0,72.0,72.0,60.0,60.0,71.0,71.0,11.0,5.0,10.0,6.0,7.0,8674
1128,73,80592,Aboubakar Oumarou,218548,1987-04-01 00:00:00,182.88,168,1129,218548,2015-04-01 00:00:00,65.0,65.0,right,None,1,56.0,61.0,64.0,58.0,56.0,66.0,38.0,45.0,38.0,62.0,81.0,80.0,78.0,64.0,74.0,68.0,84.0,66.0,68.0,58.0,58.0,38.0,66.0,60.0,64.0,23.0,34.0,36.0,9.0,10.0,7.0,11.0,13.0,8674
4531,275,37503,Albano Benjamin Bizzarri,14907,1977-11-09 00:00:00,193.04,196,4532,14907,2015-11-26 00:00:00,75.0,75.0,right,medium,medium,11.0,17.0,10.0,27.0,19.0,18.0,19.0,18.0,26.0,23.0,55.0,45.0,53.0,68.0,51.0,19.0,68.0,31.0,55.0,19.0,40.0,19.0,10.0,49.0,20.0,12.0,12.0,11.0,77.0,76.0,67.0,79.0,75.0,8674
554,37,173955,Abdoul Razzagui Camara,193953,1990-02-20 00:00:00,177.8,157,555,193953,2016-04-21 00:00:00,72.0,73.0,left,medium,medium,69.0,72.0,64.0,69.0,63.0,76.0,69.0,49.0,64.0,73.0,85.0,84.0,78.0,65.0,74.0,76.0,71.0,72.0,70.0,70.0,68.0,26.0,71.0,74.0,52.0,20.0,29.0,27.0,11.0,16.0,13.0,12.0,16.0,8674
4087,247,182847,Alain Pierre Mendy,209352,1989-11-17 00:00:00,182.88,159,4088,209352,2013-03-15 00:00:00,58.0,64.0,right,medium,medium,42.0,38.0,62.0,54.0,36.0,42.0,27.0,40.0,51.0,48.0,63.0,64.0,60.0,57.0,57.0,62.0,65.0,73.0,72.0,41.0,72.0,62.0,42.0,45.0,41.0,54.0,61.0,60.0,13.0,12.0,6.0,15.0,11.0,4087
2748,162,121643,Adrian Chomiuk,186629,1988-06-23 00:00:00,182.88,179,2749,186629,2010-08-30 00:00:00,52.0,60.0,right,norm,ormal,45.0,13.0,54.0,54.0,32.0,42.0,66.0,37.0,34.0,54.0,55.0,62.0,39.0,37.0,56.0,35.0,57.0,60.0,55.0,11.0,60.0,61.0,47.0,33.0,37.0,50.0,47.0,50.0,9.0,5.0,12.0,15.0,5.0,4087
4024,243,127255,Akwetey Mensah,198781,1983-04-15 00:00:00,172.72,163,4025,198781,2010-08-30 00:00:00,60.0,65.0,right,,_0,48.0,36.0,52.0,59.0,37.0,53.0,46.0,47.0,55.0,58.0,68.0,66.0,64.0,63.0,69.0,60.0,65.0,66.0,63.0,43.0,65.0,61.0,45.0,59.0,54.0,56.0,60.0,57.0,8.0,15.0,10.0,6.0,15.0,4087
802,51,419681,Abdul Aziz Tetteh,190193,1989-02-10 00:00:00,182.88,190,803,190193,2016-05-05 00:00:00,67.0,68.0,right,medium,high,46.0,36.0,48.0,66.0,50.0,63.0,73.0,31.0,63.0,64.0,60.0,63.0,60.0,67.0,50.0,63.0,73.0,75.0,86.0,66.0,69.0,66.0,60.0,65.0,44.0,68.0,68.0,62.0,11.0,11.0,8.0,15.0,15.0,4087
1442,94,365666,Adam Campbell,206567,1995-01-01 00:00:00,170.18,161,1443,206567,2016-01-14 00:00:00,59.0,69.0,right,high,medium,39.0,63.0,57.0,58.0,56.0,62.0,40.0,37.0,42.0,60.0,81.0,90.0,76.0,61.0,81.0,56.0,81.0,53.0,51.0,54.0,31.0,16.0,60.0,46.0,66.0,20.0,19.0,14.0,15.0,12.0,15.0,8.0,8.0,4087
1343,88,519835,Adam Armstrong,221841,1997-02-10 00:00:00,172.72,152,1344,221841,2016-06-09 00:00:00,67.0,83.0,right,high,medium,45.0,71.0,57.0,59.0,56.0,67.0,68.0,61.0,55.0,64.0,90.0,92.0,76.0,61.0,88.0,65.0,75.0,72.0,58.0,67.0,78.0,36.0,70.0,48.0,68.0,20.0,17.0,21.0,10.0,13.0,13.0,12.0,7.0,4087
2541,150,164115,Adilson,200794,1982-01-01 00:00:00,193.04,194,2542,200794,2013-04-12 00:00:00,66.0,66.0,right,high,medium,46.0,70.0,75.0,51.0,67.0,58.0,45.0,46.0,46.0,57.0,51.0,53.0,54.0,67.0,34.0,72.0,51.0,52.0,90.0,57.0,66.0,28.0,68.0,54.0,66.0,20.0,21.0,24.0,13.0,10.0,13.0,11.0,13.0,4087
456,28,467485,Abdelmalek El Hasnaoui,209399,1994-02-09 00:00:00,180.34,159,457,209399,2016-02-04 00:00:00,63.0,72.0,left,medium,medium,42.0,52.0,39.0,64.0,40.0,72.0,67.0,45.0,56.0,67.0,75.0,78.0,82.0,62.0,72.0,48.0,65.0,62.0,53.0,52.0,40.0,23.0,46.0,64.0,46.0,32.0,33.0,40.0,8.0,13.0,8.0,15.0,8.0,4087
2035,124,306507,Adam Pazio,211185,1992-09-27 00:00:00,182.88,159,2036,211185,2016-03-03 00:00:00,64.0,68.0,right,high,medium,65.0,36.0,56.0,64.0,42.0,62.0,59.0,30.0,59.0,61.0,83.0,80.0,58.0,54.0,74.0,66.0,59.0,64.0,57.0,51.0,58.0,52.0,49.0,44.0,44.0,66.0,64.0,65.0,13.0,12.0,11.0,14.0,13.0,4087
335,18,23499,Aaron Wilbraham,2335,1979-10-21 00:00:00,190.5,159,336,2335,2016-04-21 00:00:00,65.0,65.0,right,medium,medium,49.0,67.0,78.0,68.0,56.0,49.0,43.0,42.0,39.0,65.0,51.0,53.0,44.0,67.0,52.0,69.0,70.0,53.0,82.0,47.0,77.0,24.0,67.0,68.0,73.0,23.0,20.0,19.0,12.0,13.0,10.0,10.0,9.0,4087
1979,121,407308,Adam Morgan,205864,1994-04-21 00:00:00,177.8,157,1980,205864,2015-09-21 00:00:00,62.0,68.0,left,high,low,42.0,62.0,55.0,54.0,59.0,62.0,49.0,43.0,39.0,60.0,79.0,78.0,70.0,60.0,70.0,62.0,49.0,54.0,56.0,59.0,61.0,15.0,62.0,56.0,67.0,16.0,18.0,23.0,11.0,10.0,7.0,15.0,8.0,4087
4499,272,698273,Alban Lafont,231691,1999-01-23 00:00:00,193.04,170,4500,231691,2016-03-10 00:00:00,70.0,86.0,right,medium,medium,13.0,6.0,13.0,52.0,9.0,14.0,13.0,12.0,38.0,10.0,28.0,23.0,35.0,58.0,27.0,23.0,68.0,55.0,62.0,9.0,20.0,42.0,4.0,43.0,16.0,5.0,14.0,12.0,72.0,71.0,69.0,71.0,72.0,9906
172,9,528212,Aaron Lennox,206592,1993-02-19 00:00:00,190.5,181,173,206592,2016-02-25 00:00:00,48.0,56.0,right,medium,medium,12.0,15.0,16.0,23.0,14.0,15.0,14.0,18.0,18.0,22.0,15.0,26.0,31.0,45.0,24.0,26.0,38.0,18.0,44.0,12.0,21.0,19.0,14.0,15.0,41.0,15.0,15.0,12.0,53.0,41.0,39.0,51.0,53.0,9906
1121,72,581141,Aboubakar Kamara,225541,1995-03-07 00:00:00,177.8,168,1122,225541,2015-09-21 00:00:00,61.0,70.0,right,medium,medium,33.0,65.0,67.0,59.0,52.0,63.0,45.0,43.0,42.0,61.0,64.0,65.0,59.0,59.0,69.0,59.0,66.0,62.0,57.0,55.0,33.0,13.0,58.0,50.0,72.0,22.0,23.0,21.0,6.0,14.0,12.0,7.0,11.0,9906
4680,283,36066,Albert Streit,113441,1980-03-28 00:00:00,180.34,174,4681,113441,2012-02-22 00:00:00,70.0,70.0,right,medium,low,74.0,52.0,41.0,73.0,69.0,77.0,76.0,79.0,58.0,75.0,67.0,64.0,76.0,67.0,69.0,63.0,51.0,44.0,55.0,61.0,44.0,40.0,67.0,71.0,67.0,15.0,17.0,18.0,6.0,9.0,13.0,12.0,10.0,9906
2558,152,131409,Adlene Guedioura,183385,1985-11-12 00:00:00,177.8,179,2559,183385,2016-05-12 00:00:00,70.0,70.0,right,medium,high,62.0,63.0,64.0,74.0,64.0,68.0,36.0,56.0,72.0,72.0,69.0,72.0,65.0,65.0,67.0,84.0,74.0,76.0,84.0,75.0,81.0,64.0,59.0,68.0,57.0,60.0,67.0,66.0,13.0,14.0,14.0,12.0,6.0,9906
378,21,167027,Abdelaziz Barrada,192274,1989-06-19 00:00:00,177.8,161,379,192274,2016-06-23 00:00:00,74.0,75.0,right,medium,medium,74.0,64.0,61.0,76.0,63.0,76.0,76.0,78.0,75.0,78.0,73.0,76.0,80.0,75.0,72.0,71.0,68.0,63.0,68.0,70.0,70.0,36.0,71.0,74.0,71.0,35.0,42.0,33.0,11.0,7.0,6.0,16.0,7.0,9906
2642,156,39875,Adnan Custovic,159339,1978-04-16 00:00:00,185.42,183,2643,159339,2011-08-30 00:00:00,66.0,66.0,right,medium,medium,67.0,68.0,64.0,66.0,71.0,63.0,69.0,73.0,64.0,68.0,57.0,59.0,64.0,68.0,56.0,80.0,62.0,62.0,76.0,72.0,58.0,46.0,71.0,70.0,78.0,26.0,40.0,42.0,15.0,11.0,13.0,11.0,8.0,9906
242,14,40719,Aaron Niguez,183853,1989-04-26 00:00:00,170.18,143,243,183853,2016-04-28 00:00:00,70.0,71.0,left,medium,medium,64.0,67.0,54.0,64.0,61.0,75.0,66.0,68.0,56.0,76.0,82.0,78.0,82.0,66.0,84.0,74.0,70.0,67.0,51.0,72.0,45.0,45.0,70.0,62.0,67.0,36.0,31.0,37.0,14.0,13.0,9.0,15.0,10.0,9906
1911,117,500502,Adam Masina,225410,1994-01-02 00:00:00,187.96,172,1912,225410,2016-04-21 00:00:00,73.0,78.0,left,medium,medium,76.0,26.0,66.0,68.0,27.0,66.0,59.0,35.0,66.0,69.0,75.0,77.0,65.0,72.0,42.0,37.0,58.0,84.0,76.0,31.0,72.0,72.0,50.0,50.0,31.0,68.0,72.0,73.0,14.0,14.0,13.0,7.0,6.0,9906
4552,276,41173,Albert Baning,176407,1985-03-19 00:00:00,193.04,179,4553,176407,2010-02-22 00:00:00,64.0,78.0,right,,_0,35.0,30.0,57.0,66.0,,54.0,,39.0,63.0,62.0,63.0,59.0,,61.0,,71.0,,61.0,76.0,59.0,80.0,58.0,56.0,,59.0,62.0,69.0,,9.0,20.0,63.0,20.0,20.0,9906
3597,211,45872,Ahmed Ammi,138539,1981-01-19 00:00:00,180.34,165,3598,138539,2013-07-05 00:00:00,63.0,63.0,right,high,medium,64.0,32.0,53.0,60.0,36.0,66.0,53.0,37.0,58.0,62.0,61.0,63.0,70.0,64.0,68.0,48.0,74.0,64.0,68.0,37.0,75.0,65.0,54.0,58.0,40.0,60.0,62.0,69.0,10.0,10.0,13.0,10.0,8.0,9906
1431,92,563198,Adam Brown,224355,1995-06-09 00:00:00,177.8,141,1432,224355,2014-09-18 00:00:00,52.0,65.0,right,medium,medium,54.0,47.0,35.0,53.0,45.0,58.0,41.0,33.0,49.0,51.0,61.0,69.0,55.0,33.0,72.0,55.0,43.0,53.0,47.0,37.0,30.0,25.0,42.0,51.0,55.0,31.0,25.0,26.0,13.0,13.0,6.0,11.0,14.0,9807
1595,103,38617,Adam Federici,164853,1985-01-31 00:00:00,187.96,198,1596,164853,2015-11-19 00:00:00,73.0,73.0,right,medium,medium,19.0,18.0,18.0,28.0,32.0,19.0,27.0,21.0,25.0,27.0,47.0,49.0,50.0,72.0,42.0,17.0,73.0,41.0,72.0,14.0,44.0,22.0,16.0,63.0,41.0,20.0,11.0,18.0,75.0,69.0,82.0,70.0,75.0,9807
2873,170,45744,Adrian Lopez,173818,1988-01-08 00:00:00,182.88,161,2874,173818,2016-05-12 00:00:00,77.0,77.0,right,low,low,61.0,74.0,68.0,75.0,74.0,83.0,76.0,57.0,56.0,84.0,83.0,78.0,77.0,77.0,64.0,75.0,74.0,66.0,68.0,69.0,58.0,32.0,82.0,72.0,67.0,21.0,19.0,16.0,13.0,14.0,12.0,6.0,15.0,9807
3998,241,23163,Akos Buzsaky,172176,1982-05-07 00:00:00,180.34,163,3999,172176,2012-02-22 00:00:00,71.0,71.0,right,high,low,69.0,65.0,51.0,65.0,60.0,79.0,68.0,84.0,56.0,73.0,67.0,68.0,75.0,62.0,69.0,73.0,63.0,67.0,68.0,78.0,34.0,46.0,75.0,70.0,35.0,47.0,41.0,29.0,7.0,10.0,6.0,9.0,13.0,9807
4922,294,42460,Alberto Giuliatto,178492,1983-09-17 00:00:00,180.34,170,4923,178492,2012-02-22 00:00:00,59.0,62.0,left,high,medium,64.0,45.0,38.0,60.0,31.0,56.0,65.0,65.0,56.0,60.0,63.0,67.0,64.0,68.0,63.0,54.0,50.0,61.0,66.0,59.0,64.0,67.0,51.0,40.0,35.0,56.0,64.0,65.0,11.0,5.0,12.0,8.0,5.0,9807
4624,281,37920,Albert Riera,110652,1982-04-15 00:00:00,187.96,183,4625,110652,2015-04-10 00:00:00,74.0,74.0,left,high,medium,80.0,60.0,68.0,80.0,59.0,72.0,80.0,61.0,76.0,80.0,72.0,69.0,67.0,71.0,57.0,72.0,63.0,62.0,73.0,69.0,52.0,77.0,70.0,72.0,69.0,72.0,75.0,68.0,6.0,4.0,13.0,9.0,5.0,9807
269,15,75489,Aaron Ramsey,186561,1990-12-26 00:00:00,177.8,154,270,186561,2016-03-10 00:00:00,82.0,85.0,right,high,high,75.0,75.0,58.0,83.0,79.0,81.0,70.0,70.0,80.0,82.0,69.0,69.0,77.0,82.0,75.0,81.0,65.0,92.0,69.0,75.0,74.0,69.0,83.0,81.0,75.0,62.0,74.0,68.0,6.0,11.0,5.0,10.0,8.0,9807
1415,91,157303,Adam Bogdan,184585,1987-09-27 00:00:00,193.04,198,1416,184585,2016-03-17 00:00:00,73.0,73.0,right,medium,medium,15.0,11.0,11.0,16.0,11.0,11.0,18.0,12.0,12.0,18.0,52.0,56.0,35.0,67.0,41.0,16.0,63.0,33.0,74.0,14.0,20.0,24.0,13.0,38.0,18.0,15.0,11.0,16.0,77.0,71.0,66.0,71.0,78.0,9807
4948,296,543020,Alberto Guitian,198474,1990-07-29 00:00:00,182.88,163,4949,198474,2016-04-28 00:00:00,68.0,72.0,right,low,medium,35.0,36.0,69.0,68.0,31.0,58.0,44.0,34.0,62.0,64.0,65.0,66.0,59.0,68.0,64.0,59.0,71.0,74.0,68.0,37.0,68.0,73.0,52.0,58.0,30.0,68.0,70.0,63.0,13.0,7.0,11.0,12.0,15.0,9807
1945,119,185336,Adam Matuschyk,192471,1989-02-14 00:00:00,180.34,165,1946,192471,2015-12-10 00:00:00,71.0,72.0,right,medium,medium,58.0,57.0,66.0,74.0,63.0,68.0,54.0,57.0,71.0,72.0,67.0,66.0,74.0,70.0,75.0,73.0,73.0,75.0,64.0,74.0,59.0,66.0,63.0,71.0,51.0,67.0,68.0,70.0,9.0,8.0,11.0,15.0,14.0,9807
910,58,307227,Abdullah Al Hafith,207716,1992-12-25 00:00:00,187.96,165,911,207716,2016-04-21 00:00:00,63.0,68.0,right,medium,high,36.0,34.0,62.0,41.0,40.0,38.0,33.0,34.0,43.0,49.0,64.0,66.0,65.0,58.0,54.0,42.0,70.0,72.0,70.0,39.0,80.0,65.0,30.0,42.0,44.0,61.0,63.0,57.0,16.0,12.0,8.0,11.0,7.0,9807
3860,229,34319,Aimo Stefano Diana,1323,1978-01-02 00:00:00,175.26,163,3861,1323,2011-02-22 00:00:00,59.0,75.0,right,,_0,63.0,50.0,69.0,65.0,46.0,60.0,54.0,49.0,55.0,68.0,63.0,59.0,61.0,62.0,63.0,68.0,66.0,66.0,62.0,51.0,60.0,53.0,33.0,54.0,57.0,53.0,60.0,47.0,13.0,7.0,15.0,10.0,14.0,10218
2265,137,357881,Adama Soumaoro,200353,1992-06-18 00:00:00,187.96,205,2266,200353,2016-02-11 00:00:00,68.0,74.0,right,medium,medium,59.0,31.0,70.0,61.0,35.0,47.0,31.0,36.0,49.0,50.0,47.0,58.0,43.0,58.0,55.0,48.0,63.0,73.0,89.0,34.0,63.0,66.0,24.0,26.0,40.0,68.0,70.0,66.0,6.0,10.0,8.0,16.0,14.0,10218
2418,143,361710,Aderlan Santos,213374,1989-04-09 00:00:00,193.04,183,2419,213374,2016-04-14 00:00:00,80.0,81.0,right,medium,medium,34.0,34.0,84.0,63.0,46.0,55.0,51.0,61.0,47.0,72.0,48.0,65.0,47.0,68.0,30.0,84.0,57.0,63.0,87.0,73.0,82.0,80.0,27.0,34.0,60.0,82.0,86.0,78.0,10.0,13.0,13.0,8.0,12.0,10218
392,22,245653,Abdelfettah Boukhriss,202425,1986-10-22 00:00:00,185.42,161,393,202425,2011-02-22 00:00:00,64.0,69.0,left,,_0,47.0,29.0,65.0,57.0,36.0,47.0,27.0,45.0,55.0,52.0,62.0,67.0,65.0,64.0,59.0,57.0,64.0,65.0,65.0,37.0,67.0,59.0,23.0,52.0,42.0,64.0,65.0,62.0,11.0,5.0,15.0,10.0,10.0,10218
3799,223,148953,Ahmed Soukouna,188795,1990-01-13 00:00:00,182.88,168,3800,188795,2010-08-30 00:00:00,53.0,66.0,right,,_0,30.0,56.0,47.0,52.0,54.0,53.0,37.0,32.0,32.0,52.0,59.0,64.0,60.0,51.0,42.0,58.0,48.0,42.0,35.0,48.0,28.0,28.0,57.0,48.0,37.0,11.0,15.0,17.0,5.0,14.0,15.0,6.0,5.0,10218
2592,153,116788,Admir Aganovic,190714,1986-08-25 00:00:00,182.88,176,2593,190714,2012-08-31 00:00:00,61.0,66.0,left,medium,low,46.0,63.0,48.0,52.0,56.0,60.0,38.0,48.0,45.0,61.0,67.0,69.0,62.0,62.0,63.0,60.0,62.0,60.0,63.0,58.0,57.0,31.0,68.0,47.0,58.0,36.0,46.0,20.0,13.0,7.0,15.0,14.0,6.0,10218
1645,105,277313,Adam Gyurcso,209439,1991-03-06 00:00:00,180.34,132,1646,209439,2016-04-14 00:00:00,69.0,73.0,right,high,medium,71.0,68.0,58.0,66.0,65.0,70.0,59.0,65.0,59.0,64.0,81.0,78.0,68.0,58.0,80.0,68.0,66.0,67.0,46.0,59.0,54.0,34.0,68.0,77.0,67.0,14.0,17.0,22.0,8.0,8.0,12.0,8.0,10.0,10218
4609,280,396912,Albert Rafetraniaina,212030,1996-09-09 00:00:00,175.26,143,4610,212030,2016-02-25 00:00:00,62.0,72.0,right,medium,medium,62.0,34.0,53.0,65.0,33.0,46.0,42.0,41.0,57.0,55.0,73.0,75.0,74.0,61.0,75.0,35.0,72.0,72.0,51.0,31.0,68.0,64.0,45.0,59.0,45.0,60.0,66.0,61.0,16.0,8.0,14.0,16.0,12.0,10218
4206,255,267728,Alan Henrique,229983,1991-06-19 00:00:00,187.96,181,4207,229983,2015-12-10 00:00:00,70.0,74.0,right,medium,medium,32.0,22.0,69.0,55.0,35.0,54.0,33.0,31.0,71.0,62.0,61.0,52.0,48.0,64.0,51.0,50.0,72.0,71.0,82.0,45.0,61.0,71.0,27.0,55.0,47.0,68.0,76.0,73.0,13.0,9.0,12.0,8.0,12.0,10218
3289,196,447107,Adrien Hunou,215245,1994-01-19 00:00:00,175.26,137,3290,215245,2016-04-14 00:00:00,65.0,73.0,right,medium,medium,69.0,65.0,53.0,73.0,56.0,72.0,66.0,53.0,74.0,73.0,72.0,73.0,79.0,65.0,75.0,65.0,60.0,72.0,58.0,59.0,69.0,63.0,63.0,68.0,52.0,49.0,57.0,43.0,8.0,7.0,13.0,8.0,8.0,10218
2995,177,239253,Adrian Rakowski,201170,1990-10-07 00:00:00,180.34,154,2996,201170,2016-03-24 00:00:00,63.0,67.0,right,medium,medium,53.0,50.0,57.0,67.0,32.0,67.0,51.0,47.0,64.0,65.0,75.0,64.0,80.0,63.0,76.0,56.0,77.0,65.0,64.0,48.0,53.0,64.0,58.0,64.0,60.0,50.0,51.0,54.0,8.0,9.0,6.0,8.0,10.0,10218
1966,120,69249,Adam Mojta,179710,1986-06-30 00:00:00,177.8,154,1967,179710,2016-05-12 00:00:00,66.0,66.0,left,high,medium,72.0,53.0,60.0,62.0,48.0,62.0,56.0,37.0,58.0,61.0,72.0,70.0,58.0,70.0,75.0,59.0,69.0,79.0,57.0,52.0,74.0,54.0,58.0,57.0,59.0,67.0,62.0,65.0,10.0,12.0,12.0,14.0,10.0,7819
3980,238,243127,Akaki Gogia,202271,1992-01-18 00:00:00,177.8,161,3981,202271,2016-01-21 00:00:00,68.0,73.0,right,medium,medium,64.0,65.0,49.0,67.0,61.0,73.0,73.0,63.0,56.0,72.0,76.0,71.0,84.0,65.0,81.0,69.0,69.0,65.0,51.0,52.0,45.0,28.0,66.0,63.0,60.0,29.0,22.0,23.0,10.0,9.0,12.0,11.0,16.0,7819
4211,256,32870,Alan Hutton,139533,1984-11-30 00:00:00,185.42,161,4212,139533,2016-03-10 00:00:00,73.0,73.0,right,medium,medium,68.0,41.0,62.0,62.0,43.0,67.0,64.0,53.0,68.0,69.0,67.0,71.0,62.0,68.0,62.0,59.0,72.0,85.0,79.0,47.0,87.0,73.0,66.0,57.0,49.0,76.0,78.0,79.0,12.0,9.0,15.0,15.0,8.0,7819
1520,98,429870,Adam Deja,212988,1993-06-24 00:00:00,185.42,181,1521,212988,2016-04-21 00:00:00,62.0,69.0,right,medium,high,49.0,39.0,51.0,67.0,43.0,64.0,35.0,40.0,64.0,66.0,69.0,66.0,54.0,63.0,54.0,59.0,62.0,74.0,78.0,40.0,65.0,54.0,53.0,57.0,45.0,52.0,61.0,57.0,11.0,11.0,14.0,14.0,6.0,7819
2141,130,36774,Adam Szalai,184789,1987-12-09 00:00:00,193.04,201,2142,184789,2016-03-10 00:00:00,74.0,74.0,right,medium,medium,49.0,74.0,80.0,71.0,67.0,70.0,58.0,42.0,48.0,73.0,53.0,65.0,62.0,75.0,59.0,80.0,65.0,68.0,86.0,61.0,74.0,41.0,74.0,66.0,76.0,27.0,41.0,13.0,14.0,12.0,6.0,16.0,9.0,7819
4888,293,30881,Alberto Gilardino,5879,1982-07-05 00:00:00,182.88,174,4889,5879,2016-05-05 00:00:00,74.0,74.0,right,high,medium,51.0,79.0,81.0,71.0,77.0,68.0,68.0,53.0,41.0,75.0,62.0,62.0,69.0,71.0,60.0,71.0,80.0,60.0,74.0,57.0,49.0,21.0,83.0,62.0,71.0,19.0,29.0,25.0,8.0,12.0,6.0,7.0,10.0,7819
4386,265,312585,Alan Uryga,208614,1994-02-19 00:00:00,190.5,187,4387,208614,2016-04-28 00:00:00,61.0,70.0,right,medium,medium,55.0,41.0,66.0,62.0,39.0,59.0,37.0,42.0,54.0,54.0,49.0,49.0,42.0,63.0,44.0,55.0,77.0,71.0,82.0,52.0,62.0,60.0,46.0,49.0,50.0,61.0,65.0,61.0,15.0,8.0,11.0,13.0,13.0,7819
2941,173,105526,Adrian Mrowiec,148572,1983-12-01 00:00:00,190.5,185,2942,148572,2014-01-31 00:00:00,62.0,62.0,right,low,medium,56.0,53.0,61.0,60.0,51.0,61.0,43.0,56.0,61.0,64.0,54.0,63.0,54.0,46.0,62.0,62.0,57.0,72.0,83.0,49.0,67.0,63.0,48.0,61.0,62.0,60.0,60.0,59.0,14.0,6.0,5.0,14.0,13.0,7819
4999,300,314605,Alberto Moreno,205566,1992-07-05 00:00:00,170.18,143,5000,205566,2016-04-14 00:00:00,77.0,82.0,left,high,medium,83.0,65.0,61.0,77.0,35.0,77.0,59.0,40.0,64.0,81.0,87.0,87.0,86.0,74.0,87.0,73.0,85.0,85.0,54.0,70.0,71.0,73.0,73.0,58.0,54.0,72.0,74.0,76.0,10.0,14.0,9.0,10.0,11.0,7819
1269,81,660145,Achille Vaarnold,229149,1996-01-26 00:00:00,175.26,157,1270,229149,2016-02-04 00:00:00,61.0,71.0,left,medium,medium,57.0,50.0,40.0,54.0,59.0,67.0,65.0,40.0,48.0,63.0,77.0,82.0,74.0,55.0,77.0,34.0,70.0,55.0,48.0,44.0,44.0,23.0,55.0,55.0,39.0,24.0,23.0,22.0,7.0,6.0,13.0,6.0,15.0,7819
3755,219,120917,Ahmed Kashi,188825,1988-11-18 00:00:00,177.8,168,3756,188825,2016-04-21 00:00:00,70.0,70.0,right,None,1,48.0,22.0,42.0,68.0,33.0,47.0,54.0,63.0,61.0,65.0,68.0,53.0,71.0,71.0,70.0,44.0,80.0,88.0,71.0,59.0,79.0,72.0,42.0,59.0,52.0,71.0,72.0,69.0,12.0,7.0,13.0,15.0,9.0,7819
2173,131,243068,Adam Taggart,202676,1993-06-02 00:00:00,182.88,152,2174,202676,2016-01-28 00:00:00,66.0,74.0,right,high,medium,58.0,66.0,50.0,62.0,60.0,67.0,65.0,38.0,56.0,72.0,78.0,76.0,82.0,68.0,67.0,69.0,57.0,71.0,61.0,71.0,55.0,45.0,69.0,63.0,60.0,29.0,32.0,31.0,16.0,15.0,12.0,8.0,14.0,9810
2024,123,684978,Adam Ounas,231242,1996-11-11 00:00:00,172.72,141,2025,231242,2016-04-28 00:00:00,69.0,84.0,left,high,medium,65.0,68.0,51.0,64.0,61.0,77.0,68.0,62.0,63.0,69.0,80.0,78.0,81.0,64.0,81.0,69.0,53.0,66.0,39.0,66.0,55.0,44.0,60.0,60.0,60.0,44.0,54.0,47.0,8.0,6.0,8.0,7.0,12.0,9810
1168,75,210453,Abraham Guie Gneki,199724,1986-07-25 00:00:00,180.34,154,1169,199724,2013-07-05 00:00:00,68.0,71.0,right,high,medium,44.0,73.0,61.0,56.0,68.0,68.0,48.0,40.0,40.0,67.0,81.0,79.0,68.0,70.0,71.0,65.0,75.0,72.0,56.0,59.0,67.0,22.0,62.0,46.0,40.0,12.0,16.0,19.0,9.0,12.0,12.0,6.0,5.0,9810
4438,268,294859,Alassane Plea,206467,1993-03-10 00:00:00,180.34,174,4439,206467,2016-04-14 00:00:00,75.0,82.0,right,medium,medium,76.0,81.0,64.0,76.0,81.0,76.0,72.0,74.0,69.0,75.0,80.0,81.0,78.0,70.0,71.0,83.0,63.0,70.0,66.0,78.0,59.0,31.0,72.0,76.0,63.0,38.0,36.0,30.0,11.0,15.0,16.0,12.0,15.0,9810
3115,183,114790,Adrian Winter,184549,1986-07-08 00:00:00,177.8,165,3116,184549,2015-09-21 00:00:00,66.0,66.0,right,high,medium,66.0,62.0,50.0,65.0,51.0,63.0,64.0,59.0,56.0,66.0,82.0,79.0,69.0,59.0,72.0,72.0,69.0,78.0,65.0,54.0,55.0,50.0,69.0,46.0,51.0,50.0,49.0,39.0,15.0,15.0,13.0,15.0,10.0,9810
415,24,42664,Abdelkader Ghezzal,178063,1984-12-05 00:00:00,182.88,172,416,178063,2016-02-04 00:00:00,67.0,67.0,right,medium,medium,65.0,61.0,65.0,68.0,70.0,70.0,64.0,63.0,53.0,71.0,71.0,77.0,67.0,69.0,61.0,69.0,64.0,61.0,79.0,69.0,61.0,25.0,67.0,50.0,68.0,29.0,32.0,31.0,10.0,6.0,11.0,6.0,7.0,9810
4433,267,441173,Alassane Diallo,225676,1995-02-19 00:00:00,175.26,132,4434,225676,2015-07-03 00:00:00,61.0,71.0,right,medium,medium,43.0,41.0,36.0,69.0,49.0,61.0,56.0,49.0,66.0,68.0,67.0,66.0,65.0,65.0,78.0,52.0,55.0,53.0,48.0,53.0,61.0,64.0,54.0,57.0,55.0,60.0,58.0,53.0,12.0,14.0,15.0,11.0,5.0,9810
1925,118,170593,Adam Matthews,193768,1992-01-13 00:00:00,177.8,157,1926,193768,2016-06-09 00:00:00,73.0,77.0,right,high,medium,73.0,43.0,58.0,71.0,43.0,70.0,73.0,52.0,67.0,71.0,79.0,78.0,76.0,73.0,73.0,69.0,71.0,75.0,70.0,62.0,66.0,73.0,63.0,69.0,50.0,73.0,75.0,74.0,6.0,15.0,12.0,6.0,14.0,9810
3005,178,50345,Adrian Ramos,176619,1986-01-22 00:00:00,185.42,165,3006,176619,2016-05-05 00:00:00,78.0,78.0,right,medium,medium,68.0,78.0,86.0,71.0,74.0,74.0,68.0,48.0,54.0,76.0,82.0,84.0,75.0,77.0,68.0,77.0,91.0,74.0,76.0,64.0,58.0,44.0,78.0,65.0,72.0,23.0,33.0,28.0,9.0,14.0,13.0,14.0,6.0,9810
4802,288,38395,Alberto Cifuentes,110638,1979-05-29 00:00:00,187.96,148,4803,110638,2015-02-20 00:00:00,60.0,60.0,right,medium,medium,25.0,25.0,25.0,25.0,25.0,25.0,25.0,25.0,21.0,27.0,47.0,46.0,31.0,53.0,42.0,25.0,60.0,39.0,68.0,25.0,27.0,21.0,25.0,25.0,25.0,25.0,25.0,25.0,53.0,67.0,60.0,70.0,52.0,9810
4495,271,121488,Alban Joinel,188382,1979-09-14 00:00:00,187.96,181,4496,188382,2010-08-30 00:00:00,58.0,66.0,right,,_0,13.0,3.0,14.0,16.0,6.0,7.0,6.0,15.0,17.0,22.0,33.0,32.0,57.0,36.0,52.0,46.0,57.0,40.0,29.0,6.0,39.0,22.0,13.0,32.0,21.0,7.0,8.0,5.0,60.0,48.0,65.0,56.0,67.0,9810
38,3,162549,Aaron Doran,186170,1991-05-13 00:00:00,170.18,163,39,186170,2016-01-07 00:00:00,65.0,67.0,right,medium,medium,64.0,58.0,60.0,66.0,52.0,66.0,67.0,63.0,62.0,67.0,77.0,74.0,85.0,51.0,92.0,61.0,65.0,66.0,71.0,57.0,60.0,55.0,64.0,68.0,61.0,23.0,22.0,24.0,16.0,11.0,12.0,9.0,13.0,8559
4502,273,94883,Alban Meha,203822,1986-04-26 00:00:00,175.26,168,4503,203822,2016-03-10 00:00:00,74.0,74.0,right,medium,medium,81.0,72.0,39.0,76.0,62.0,73.0,87.0,88.0,74.0,76.0,75.0,67.0,78.0,71.0,81.0,83.0,74.0,68.0,53.0,84.0,56.0,45.0,68.0,74.0,60.0,48.0,62.0,46.0,10.0,13.0,15.0,9.0,14.0,8559
1792,112,37234,Adam Lallana,180819,1988-05-10 00:00:00,172.72,161,1793,180819,2016-05-12 00:00:00,80.0,80.0,right,high,medium,74.0,73.0,67.0,83.0,72.0,85.0,77.0,66.0,74.0,82.0,76.0,70.0,83.0,75.0,76.0,68.0,73.0,83.0,67.0,72.0,46.0,61.0,76.0,83.0,70.0,30.0,52.0,38.0,6.0,15.0,14.0,8.0,11.0,8559
925,59,176302,Abdullah Omar,192670,1987-01-01 00:00:00,175.26,157,926,192670,2010-08-30 00:00:00,62.0,66.0,right,le,ean,61.0,45.0,53.0,63.0,44.0,66.0,53.0,52.0,56.0,61.0,70.0,63.0,80.0,63.0,56.0,63.0,58.0,61.0,58.0,57.0,58.0,51.0,49.0,60.0,56.0,52.0,54.0,47.0,8.0,9.0,12.0,15.0,11.0,8559
3652,214,111930,Ahmed El Mohamady,191005,1987-09-09 00:00:00,182.88,172,3653,191005,2016-02-04 00:00:00,74.0,74.0,right,medium,high,78.0,66.0,70.0,77.0,60.0,75.0,75.0,71.0,68.0,71.0,80.0,79.0,72.0,73.0,61.0,75.0,81.0,83.0,70.0,67.0,59.0,69.0,69.0,67.0,59.0,68.0,69.0,67.0,14.0,7.0,9.0,10.0,7.0,8559
394,23,128456,Abdelhamid El Kaoutari,188145,1990-03-17 00:00:00,180.34,161,395,188145,2016-03-17 00:00:00,73.0,75.0,left,medium,medium,65.0,17.0,66.0,64.0,24.0,51.0,23.0,23.0,56.0,63.0,68.0,66.0,50.0,68.0,59.0,59.0,73.0,64.0,74.0,38.0,85.0,72.0,48.0,52.0,32.0,75.0,76.0,77.0,9.0,11.0,10.0,8.0,9.0,8559
2673,158,43049,Adnan Mravac,139305,1982-04-10 00:00:00,193.04,185,2674,139305,2014-05-16 00:00:00,61.0,61.0,right,medium,medium,41.0,33.0,61.0,53.0,40.0,41.0,29.0,41.0,47.0,50.0,52.0,52.0,40.0,58.0,39.0,47.0,56.0,76.0,85.0,42.0,84.0,52.0,36.0,43.0,48.0,55.0,60.0,55.0,6.0,7.0,12.0,13.0,7.0,8559
3220,190,38122,Adriano Russo,137419,1987-06-06 00:00:00,185.42,159,3221,137419,2015-12-03 00:00:00,67.0,67.0,right,medium,high,25.0,22.0,68.0,56.0,13.0,27.0,17.0,19.0,48.0,48.0,54.0,55.0,51.0,68.0,52.0,35.0,78.0,68.0,68.0,18.0,69.0,64.0,13.0,21.0,28.0,71.0,69.0,66.0,10.0,13.0,8.0,13.0,6.0,8559
1831,113,24952,Adam Le Fondre,163828,1986-12-02 00:00:00,175.26,161,1832,163828,2016-06-09 00:00:00,70.0,70.0,right,high,low,56.0,75.0,66.0,65.0,70.0,62.0,66.0,53.0,53.0,69.0,76.0,74.0,70.0,73.0,77.0,66.0,75.0,70.0,60.0,62.0,47.0,34.0,74.0,66.0,79.0,19.0,21.0,14.0,8.0,7.0,6.0,6.0,16.0,8559
4476,270,160220,Alassane Toure,188706,1989-02-09 00:00:00,182.88,161,4477,188706,2016-04-21 00:00:00,67.0,67.0,right,medium,medium,57.0,15.0,69.0,56.0,29.0,51.0,41.0,23.0,54.0,59.0,74.0,74.0,64.0,74.0,62.0,32.0,64.0,68.0,75.0,14.0,75.0,67.0,31.0,36.0,35.0,70.0,72.0,68.0,14.0,12.0,16.0,15.0,6.0,8559
3321,198,557353,Adrien Rawyler,224823,1993-06-13 00:00:00,177.8,150,3322,224823,2015-07-03 00:00:00,50.0,55.0,right,medium,medium,35.0,30.0,45.0,55.0,31.0,47.0,36.0,34.0,60.0,50.0,61.0,66.0,59.0,48.0,71.0,52.0,60.0,65.0,50.0,39.0,54.0,42.0,50.0,45.0,41.0,40.0,43.0,48.0,8.0,6.0,9.0,8.0,5.0,8559
87,5,23780,Aaron Hughes,17725,1979-11-08 00:00:00,182.88,154,88,17725,2015-12-24 00:00:00,70.0,70.0,right,medium,medium,46.0,34.0,73.0,65.0,33.0,47.0,42.0,25.0,58.0,58.0,33.0,31.0,41.0,68.0,52.0,48.0,67.0,60.0,75.0,26.0,66.0,68.0,29.0,41.0,45.0,75.0,73.0,71.0,8.0,6.0,16.0,12.0,11.0,8535
139,7,564793,Aaron Kuhl,221280,1996-01-30 00:00:00,172.72,146,140,221280,2016-04-21 00:00:00,61.0,74.0,right,medium,high,48.0,32.0,47.0,64.0,34.0,54.0,56.0,40.0,64.0,63.0,69.0,67.0,60.0,61.0,80.0,53.0,71.0,68.0,59.0,38.0,75.0,54.0,39.0,61.0,42.0,52.0,58.0,57.0,8.0,13.0,14.0,14.0,15.0,8535
5,2,155782,Aaron Cresswell,189615,1989-12-15 00:00:00,170.18,146,6,189615,2016-04-21 00:00:00,74.0,76.0,left,high,medium,80.0,53.0,58.0,71.0,40.0,73.0,70.0,69.0,68.0,71.0,79.0,78.0,78.0,67.0,90.0,71.0,85.0,79.0,56.0,62.0,68.0,67.0,60.0,66.0,59.0,76.0,75.0,78.0,14.0,7.0,9.0,9.0,12.0,8535
357,19,120919,Aatif Chahechouhe,187939,1986-07-02 00:00:00,175.26,150,358,187939,2016-05-12 00:00:00,75.0,75.0,right,high,medium,70.0,77.0,63.0,75.0,77.0,78.0,69.0,63.0,68.0,78.0,79.0,77.0,81.0,74.0,77.0,78.0,58.0,74.0,62.0,74.0,39.0,40.0,78.0,70.0,85.0,26.0,27.0,24.0,7.0,10.0,8.0,15.0,10.0,8535
4843,291,30143,"Alberto Frison,18",173023,1988-07-21 00:00:00,190.5,187,4844,173023,2015-07-03 00:00:00,70.0,75.0,right,medium,medium,25.0,25.0,25.0,28.0,25.0,25.0,25.0,23.0,32.0,20.0,45.0,45.0,50.0,65.0,30.0,43.0,65.0,38.0,65.0,25.0,31.0,25.0,25.0,25.0,38.0,25.0,25.0,25.0,73.0,65.0,54.0,69.0,79.0,8535
2730,161,182107,Adrian Blad,194769,1991-04-16 00:00:00,165.1,137,2731,194769,2016-04-28 00:00:00,62.0,65.0,right,medium,low,62.0,55.0,58.0,50.0,36.0,63.0,54.0,43.0,49.0,61.0,93.0,83.0,91.0,61.0,91.0,63.0,91.0,64.0,34.0,62.0,76.0,70.0,66.0,41.0,54.0,43.0,42.0,41.0,11.0,15.0,11.0,7.0,14.0,8535
3770,220,232103,Ahmed Musa,201818,1992-10-14 00:00:00,167.64,152,3771,201818,2016-05-05 00:00:00,76.0,82.0,right,high,high,65.0,76.0,64.0,72.0,75.0,82.0,60.0,48.0,53.0,80.0,95.0,92.0,90.0,77.0,88.0,78.0,82.0,91.0,45.0,73.0,33.0,24.0,79.0,66.0,69.0,20.0,28.0,24.0,7.0,12.0,13.0,15.0,14.0,8535
3584,210,256728,Agustin Vuletich,219647,1991-11-03 00:00:00,185.42,174,3585,219647,2016-01-28 00:00:00,65.0,70.0,right,medium,medium,30.0,65.0,68.0,50.0,60.0,62.0,45.0,39.0,35.0,66.0,53.0,54.0,53.0,67.0,60.0,71.0,64.0,63.0,79.0,60.0,74.0,23.0,67.0,55.0,63.0,20.0,28.0,24.0,9.0,11.0,7.0,14.0,15.0,8535
4772,287,41168,Alberto Bueno,178087,1988-03-20 00:00:00,177.8,141,4773,178087,2016-04-07 00:00:00,76.0,76.0,right,medium,medium,67.0,78.0,66.0,73.0,75.0,79.0,81.0,69.0,63.0,80.0,66.0,74.0,84.0,79.0,74.0,78.0,56.0,53.0,57.0,80.0,36.0,45.0,79.0,74.0,68.0,39.0,31.0,34.0,8.0,16.0,7.0,11.0,9.0,8535
3792,222,174600,Ahmed Samir Farag,163658,1986-05-20 00:00:00,182.88,190,3793,163658,2013-09-20 00:00:00,63.0,64.0,left,medium,medium,63.0,52.0,48.0,67.0,51.0,66.0,68.0,70.0,65.0,70.0,62.0,65.0,61.0,64.0,59.0,68.0,63.0,69.0,76.0,65.0,64.0,63.0,48.0,61.0,65.0,56.0,66.0,62.0,6.0,5.0,14.0,13.0,15.0,8535
1075,69,114503,Abiola Dauda,187175,1988-02-03 00:00:00,180.34,165,1076,187175,2016-06-09 00:00:00,67.0,67.0,right,medium,low,43.0,78.0,57.0,57.0,64.0,61.0,49.0,42.0,48.0,58.0,77.0,78.0,72.0,63.0,73.0,75.0,47.0,62.0,67.0,65.0,52.0,34.0,64.0,44.0,45.0,34.0,31.0,23.0,16.0,15.0,7.0,12.0,13.0,8535
1045,67,40938,Abel,17880,1978-12-22 00:00:00,177.8,165,1046,17880,2010-08-30 00:00:00,73.0,75.0,right,None,o,73.0,53.0,59.0,78.0,48.0,70.0,51.0,50.0,74.0,74.0,75.0,76.0,74.0,75.0,75.0,73.0,74.0,77.0,77.0,54.0,74.0,67.0,69.0,75.0,66.0,73.0,74.0,72.0,7.0,5.0,7.0,13.0,10.0,8322
4333,262,667963,Alan Schons,229248,1993-05-24 00:00:00,180.34,163,4334,229248,2016-04-21 00:00:00,66.0,72.0,right,medium,medium,62.0,53.0,64.0,72.0,56.0,67.0,64.0,67.0,66.0,71.0,65.0,67.0,68.0,67.0,60.0,67.0,56.0,65.0,68.0,67.0,66.0,67.0,56.0,55.0,74.0,56.0,65.0,63.0,6.0,6.0,14.0,9.0,10.0,8322
1240,80,25571,Achille Emana,112392,1982-06-05 00:00:00,180.34,170,1241,112392,2016-03-31 00:00:00,76.0,76.0,right,high,low,64.0,68.0,60.0,82.0,67.0,78.0,68.0,71.0,71.0,81.0,66.0,67.0,63.0,74.0,80.0,80.0,62.0,34.0,91.0,70.0,70.0,55.0,67.0,81.0,76.0,44.0,59.0,58.0,8.0,16.0,12.0,11.0,12.0,8322
0,1,505942,Aaron Appindangoye,218353,1992-02-29 00:00:00,182.88,187,1,218353,2016-02-18 00:00:00,67.0,71.0,right,medium,medium,49.0,44.0,71.0,61.0,44.0,51.0,45.0,39.0,64.0,49.0,60.0,64.0,59.0,47.0,65.0,55.0,58.0,54.0,76.0,35.0,71.0,70.0,45.0,54.0,48.0,65.0,69.0,69.0,6.0,11.0,10.0,8.0,8.0,8322
1753,110,414208,Adam King,212388,1995-10-11 00:00:00,180.34,165,1754,212388,2016-03-10 00:00:00,57.0,69.0,right,medium,medium,43.0,44.0,48.0,67.0,37.0,56.0,42.0,41.0,62.0,61.0,66.0,67.0,70.0,57.0,75.0,66.0,67.0,54.0,58.0,47.0,64.0,40.0,54.0,54.0,47.0,39.0,50.0,49.0,7.0,7.0,12.0,13.0,16.0,8322
2784,165,113604,Adrian Daniel Calello,206628,1987-05-14 00:00:00,177.8,181,2785,206628,2016-05-12 00:00:00,61.0,61.0,right,medium,high,50.0,28.0,45.0,64.0,27.0,59.0,59.0,38.0,59.0,66.0,60.0,51.0,63.0,65.0,66.0,48.0,54.0,74.0,67.0,45.0,59.0,65.0,58.0,56.0,41.0,61.0,63.0,55.0,12.0,15.0,7.0,13.0,9.0,8322
907,57,176301,Abdulla Fatadi,210766,1985-11-02 00:00:00,175.26,172,908,210766,2013-02-15 00:00:00,57.0,58.0,right,medium,low,47.0,60.0,37.0,62.0,42.0,67.0,53.0,39.0,58.0,64.0,78.0,76.0,69.0,51.0,69.0,57.0,56.0,67.0,80.0,40.0,47.0,33.0,40.0,50.0,48.0,37.0,33.0,42.0,12.0,14.0,7.0,13.0,14.0,8322
2904,171,23358,Adrian Mariappa,172953,1986-10-03 00:00:00,177.8,179,2905,172953,2015-09-21 00:00:00,71.0,71.0,right,medium,medium,57.0,27.0,76.0,63.0,21.0,59.0,33.0,22.0,61.0,65.0,75.0,71.0,68.0,73.0,76.0,47.0,80.0,75.0,77.0,34.0,58.0,65.0,53.0,58.0,44.0,76.0,76.0,79.0,6.0,15.0,8.0,13.0,10.0,8322
4523,274,177689,Alban Pnishi,229013,1990-10-20 00:00:00,187.96,179,4524,229013,2016-03-10 00:00:00,63.0,67.0,right,low,medium,39.0,33.0,57.0,47.0,25.0,54.0,42.0,26.0,40.0,46.0,68.0,68.0,55.0,64.0,56.0,42.0,71.0,64.0,76.0,22.0,59.0,65.0,37.0,35.0,34.0,64.0,65.0,63.0,9.0,11.0,15.0,13.0,10.0,8322
2318,140,103866,Adamo Coulibaly,184368,1981-08-14 00:00:00,187.96,172,2319,184368,2015-03-27 00:00:00,69.0,69.0,right,medium,low,50.0,72.0,67.0,51.0,67.0,64.0,62.0,68.0,54.0,67.0,66.0,64.0,70.0,68.0,58.0,71.0,73.0,71.0,82.0,68.0,70.0,41.0,71.0,61.0,73.0,30.0,31.0,29.0,5.0,7.0,10.0,15.0,5.0,8322
4458,269,289250,Alassane Tambe,192731,1992-01-26 00:00:00,182.88,161,4459,192731,2016-04-21 00:00:00,66.0,71.0,right,medium,medium,62.0,31.0,64.0,60.0,27.0,59.0,34.0,32.0,58.0,62.0,74.0,75.0,71.0,64.0,62.0,61.0,75.0,68.0,69.0,39.0,66.0,63.0,44.0,48.0,31.0,66.0,66.0,68.0,13.0,11.0,6.0,11.0,14.0,8322
1272,82,45960,Achmed Ahahaoui,171405,1983-12-06 00:00:00,177.8,152,1273,171405,2011-02-22 00:00:00,67.0,69.0,right,None,o,67.0,66.0,46.0,62.0,62.0,68.0,70.0,68.0,47.0,70.0,72.0,76.0,70.0,67.0,61.0,62.0,59.0,72.0,55.0,66.0,46.0,30.0,60.0,68.0,46.0,33.0,21.0,23.0,7.0,15.0,5.0,8.0,6.0,8262
2499,148,77741,Adil Rami,183280,1985-12-27 00:00:00,190.5,194,2500,183280,2015-10-16 00:00:00,79.0,79.0,right,medium,high,28.0,45.0,80.0,58.0,45.0,53.0,43.0,55.0,64.0,64.0,56.0,66.0,58.0,63.0,50.0,83.0,76.0,64.0,90.0,58.0,82.0,81.0,24.0,22.0,48.0,81.0,84.0,80.0,5.0,3.0,5.0,5.0,3.0,8262
4120,250,34417,Alain Traore,178036,1988-12-31 00:00:00,175.26,161,4121,178036,2016-04-28 00:00:00,70.0,70.0,left,medium,low,69.0,67.0,65.0,74.0,68.0,74.0,79.0,75.0,72.0,76.0,71.0,71.0,72.0,70.0,78.0,87.0,61.0,45.0,55.0,78.0,46.0,51.0,71.0,75.0,73.0,50.0,61.0,54.0,10.0,12.0,14.0,14.0,12.0,8262
929,60,525595,Abdullahi Shehu,229026,1993-03-12 00:00:00,180.34,159,930,229026,2016-04-21 00:00:00,71.0,76.0,right,medium,medium,70.0,36.0,59.0,76.0,40.0,65.0,51.0,47.0,74.0,70.0,75.0,75.0,66.0,76.0,65.0,62.0,75.0,82.0,69.0,48.0,68.0,70.0,73.0,67.0,51.0,59.0,68.0,72.0,9.0,16.0,14.0,11.0,15.0,8262
2090,127,555649,Adam Ryczkowski,224303,1997-04-30 00:00:00,177.8,157,2091,224303,2015-10-19 00:00:00,56.0,66.0,right,medium,medium,58.0,58.0,53.0,56.0,37.0,59.0,47.0,30.0,33.0,61.0,73.0,65.0,72.0,51.0,71.0,56.0,59.0,51.0,58.0,54.0,28.0,18.0,45.0,44.0,53.0,25.0,25.0,21.0,7.0,6.0,15.0,8.0,13.0,8262
1008,64,172875,Abel Issa Camara,208005,1990-01-06 00:00:00,185.42,179,1009,208005,2016-05-05 00:00:00,69.0,71.0,right,medium,medium,68.0,70.0,67.0,60.0,54.0,69.0,65.0,40.0,51.0,65.0,66.0,76.0,68.0,67.0,61.0,75.0,80.0,75.0,75.0,74.0,66.0,12.0,67.0,60.0,69.0,14.0,17.0,20.0,7.0,9.0,8.0,13.0,8.0,8262
1306,85,26331,Adailton,158505,1983-04-14 00:00:00,190.5,187,1307,158505,2015-09-21 00:00:00,67.0,67.0,right,medium,medium,43.0,39.0,73.0,56.0,33.0,45.0,28.0,41.0,53.0,52.0,33.0,53.0,47.0,65.0,47.0,71.0,34.0,51.0,84.0,52.0,76.0,59.0,31.0,53.0,48.0,68.0,72.0,66.0,15.0,11.0,11.0,15.0,9.0,8262
4930,295,575364,Alberto Grassi,220475,1995-03-07 00:00:00,182.88,165,4931,220475,2016-04-21 00:00:00,70.0,79.0,right,medium,medium,64.0,54.0,64.0,74.0,60.0,70.0,62.0,58.0,72.0,76.0,69.0,74.0,68.0,70.0,68.0,70.0,58.0,69.0,64.0,64.0,68.0,68.0,68.0,68.0,64.0,58.0,66.0,66.0,12.0,6.0,15.0,8.0,8.0,8262
317,17,161644,Aaron Taylor-Sinclair,213569,1991-04-08 00:00:00,182.88,176,318,213569,2016-04-28 00:00:00,64.0,68.0,left,high,medium,62.0,26.0,59.0,62.0,25.0,66.0,57.0,58.0,47.0,62.0,72.0,74.0,75.0,62.0,68.0,59.0,71.0,81.0,70.0,30.0,65.0,55.0,49.0,50.0,40.0,53.0,64.0,64.0,9.0,11.0,12.0,8.0,9.0,8262
1502,97,68962,Adam Danch,180440,1987-12-15 00:00:00,182.88,179,1503,180440,2015-09-21 00:00:00,66.0,66.0,right,medium,medium,54.0,50.0,62.0,59.0,31.0,54.0,31.0,28.0,59.0,58.0,65.0,63.0,70.0,65.0,61.0,56.0,85.0,59.0,74.0,33.0,62.0,77.0,57.0,44.0,44.0,60.0,64.0,64.0,9.0,10.0,6.0,15.0,16.0,8262
2099,128,158861,Adam Sarota,192323,1988-12-28 00:00:00,182.88,161,2100,192323,2015-11-06 00:00:00,67.0,69.0,right,high,high,63.0,55.0,59.0,71.0,57.0,65.0,66.0,67.0,66.0,68.0,66.0,69.0,68.0,69.0,69.0,66.0,72.0,83.0,69.0,60.0,66.0,65.0,64.0,65.0,60.0,56.0,64.0,53.0,14.0,11.0,6.0,10.0,15.0,8262
3414,202,242719,Adrien Trebel,203886,1991-03-03 00:00:00,172.72,159,3415,203886,2016-03-24 00:00:00,74.0,76.0,left,high,medium,66.0,54.0,33.0,75.0,68.0,76.0,69.0,67.0,74.0,74.0,79.0,75.0,77.0,75.0,87.0,77.0,67.0,81.0,63.0,72.0,71.0,71.0,70.0,74.0,55.0,57.0,68.0,64.0,8.0,11.0,14.0,16.0,12.0,9987
373,20,46447,Abasse Ba,156626,1976-07-12 00:00:00,187.96,185,374,156626,2010-08-30 00:00:00,64.0,71.0,right,,_0,41.0,33.0,74.0,57.0,24.0,30.0,35.0,40.0,45.0,44.0,60.0,61.0,59.0,58.0,73.0,48.0,75.0,64.0,71.0,39.0,71.0,58.0,28.0,61.0,39.0,62.0,61.0,57.0,15.0,14.0,13.0,10.0,12.0,9987
3469,204,35608,"Afonso Alves,24",53056,1981-01-30 00:00:00,185.42,163,3470,53056,2010-02-22 00:00:00,78.0,83.0,right,,_0,59.0,77.0,73.0,75.0,,78.0,,84.0,57.0,77.0,77.0,82.0,,85.0,,85.0,,66.0,75.0,70.0,46.0,66.0,77.0,,83.0,21.0,21.0,,8.0,21.0,57.0,21.0,21.0,9987
3922,234,210683,Aissa Mandi,201143,1991-10-22 00:00:00,182.88,172,3923,201143,2016-04-07 00:00:00,77.0,80.0,right,medium,medium,78.0,41.0,83.0,76.0,36.0,64.0,67.0,49.0,73.0,73.0,69.0,73.0,69.0,78.0,69.0,52.0,79.0,73.0,69.0,49.0,76.0,79.0,67.0,71.0,35.0,77.0,72.0,84.0,15.0,16.0,9.0,10.0,14.0,9987
2443,144,568920,Aderlan,223844,1990-08-18 00:00:00,177.8,157,2444,223844,2016-03-17 00:00:00,67.0,71.0,right,high,medium,67.0,46.0,55.0,63.0,46.0,68.0,59.0,69.0,62.0,63.0,79.0,77.0,78.0,63.0,77.0,69.0,72.0,76.0,62.0,70.0,68.0,70.0,56.0,50.0,35.0,63.0,65.0,66.0,12.0,11.0,10.0,13.0,7.0,9987
179,10,101042,Aaron Meijers,188621,1987-10-28 00:00:00,175.26,170,180,188621,2015-12-03 00:00:00,69.0,69.0,left,medium,medium,63.0,42.0,59.0,70.0,60.0,70.0,72.0,67.0,53.0,74.0,75.0,77.0,69.0,70.0,72.0,67.0,70.0,78.0,66.0,61.0,73.0,67.0,65.0,71.0,56.0,67.0,68.0,65.0,7.0,15.0,7.0,10.0,15.0,9987
4007,242,31255,Akpo Sodje,151473,1981-01-31 00:00:00,187.96,176,4008,151473,2014-04-04 00:00:00,59.0,59.0,right,medium,medium,36.0,58.0,66.0,56.0,55.0,49.0,47.0,44.0,45.0,55.0,67.0,62.0,65.0,54.0,56.0,60.0,77.0,60.0,83.0,51.0,72.0,25.0,60.0,51.0,67.0,25.0,32.0,27.0,7.0,8.0,14.0,13.0,10.0,9987
2598,154,132844,Admir Mehmedi,188770,1991-03-16 00:00:00,182.88,176,2599,188770,2016-04-14 00:00:00,77.0,80.0,right,high,medium,68.0,73.0,60.0,75.0,72.0,84.0,73.0,62.0,63.0,79.0,75.0,79.0,81.0,78.0,78.0,82.0,61.0,75.0,73.0,74.0,68.0,42.0,76.0,75.0,69.0,29.0,40.0,36.0,13.0,14.0,8.0,15.0,16.0,9987
3818,226,582500,Aidan Nesbitt,227760,1997-02-05 00:00:00,175.26,143,3819,227760,2016-06-09 00:00:00,53.0,69.0,right,medium,medium,44.0,47.0,35.0,53.0,46.0,59.0,51.0,49.0,54.0,58.0,53.0,61.0,56.0,56.0,79.0,57.0,52.0,31.0,34.0,43.0,44.0,24.0,47.0,49.0,53.0,40.0,31.0,43.0,7.0,14.0,13.0,8.0,14.0,9987
4654,282,484858,Albert Rusnak,210423,1994-07-07 00:00:00,180.34,143,4655,210423,2016-03-24 00:00:00,73.0,80.0,right,high,medium,80.0,66.0,39.0,70.0,65.0,72.0,76.0,74.0,74.0,75.0,85.0,80.0,84.0,68.0,73.0,78.0,61.0,73.0,33.0,73.0,59.0,26.0,66.0,74.0,54.0,35.0,34.0,38.0,10.0,7.0,16.0,13.0,7.0,9987
4756,286,299879,Alberto Brignoli,210358,1991-08-19 00:00:00,187.96,163,4757,210358,2015-09-21 00:00:00,68.0,74.0,left,medium,medium,17.0,13.0,17.0,26.0,19.0,12.0,17.0,12.0,22.0,23.0,31.0,33.0,22.0,64.0,32.0,25.0,58.0,34.0,42.0,11.0,12.0,11.0,11.0,38.0,22.0,13.0,13.0,11.0,70.0,63.0,56.0,67.0,77.0,9987
884,55,67952,Abdul-Yakinu Iddi,180316,1986-05-25 00:00:00,172.72,146,885,180316,2014-07-25 00:00:00,64.0,65.0,left,medium,medium,50.0,46.0,47.0,62.0,53.0,73.0,51.0,55.0,61.0,71.0,73.0,70.0,81.0,66.0,85.0,60.0,76.0,71.0,46.0,58.0,48.0,48.0,53.0,61.0,47.0,34.0,48.0,46.0,5.0,9.0,10.0,11.0,14.0,8526
2820,167,40501,Adrian Gonzalez,178616,1988-05-25 00:00:00,182.88,168,2821,178616,2016-05-26 00:00:00,73.0,73.0,left,medium,medium,70.0,62.0,48.0,78.0,51.0,72.0,81.0,72.0,73.0,81.0,65.0,67.0,68.0,75.0,67.0,58.0,54.0,70.0,64.0,64.0,70.0,70.0,62.0,71.0,71.0,68.0,72.0,69.0,6.0,15.0,12.0,6.0,7.0,8526
4266,258,14100,Alan Mannus,110606,1982-05-19 00:00:00,187.96,203,4267,110606,2016-04-21 00:00:00,68.0,68.0,right,medium,medium,13.0,11.0,11.0,11.0,14.0,13.0,14.0,16.0,30.0,22.0,32.0,50.0,41.0,58.0,61.0,21.0,56.0,30.0,64.0,12.0,34.0,17.0,19.0,47.0,17.0,13.0,20.0,13.0,71.0,67.0,63.0,67.0,73.0,8526
459,29,306735,Abdelouahed Chakhsi,210504,1986-10-01 00:00:00,182.88,170,460,210504,2014-03-21 00:00:00,56.0,62.0,right,high,medium,54.0,37.0,48.0,62.0,31.0,56.0,35.0,39.0,56.0,58.0,69.0,62.0,56.0,55.0,59.0,56.0,71.0,71.0,71.0,50.0,51.0,48.0,56.0,55.0,45.0,56.0,61.0,53.0,10.0,7.0,8.0,11.0,10.0,8526
3056,180,42431,Adrian Ricchiuti,169383,1978-06-30 00:00:00,167.64,159,3057,169383,2013-02-15 00:00:00,71.0,71.0,right,medium,medium,76.0,50.0,40.0,78.0,60.0,74.0,76.0,70.0,78.0,74.0,77.0,55.0,85.0,70.0,88.0,62.0,52.0,45.0,33.0,60.0,60.0,50.0,62.0,76.0,74.0,39.0,44.0,40.0,9.0,8.0,12.0,10.0,5.0,8526
4399,266,25926,Alan,20556,1979-09-19 00:00:00,180.34,154,4400,20556,2016-03-24 00:00:00,74.0,74.0,right,medium,medium,77.0,68.0,60.0,79.0,65.0,80.0,81.0,79.0,78.0,83.0,60.0,55.0,71.0,77.0,65.0,79.0,68.0,50.0,70.0,76.0,69.0,45.0,75.0,79.0,84.0,47.0,54.0,44.0,6.0,13.0,15.0,15.0,13.0,8526
206,12,231592,Aaron Mooy,194958,1990-09-15 00:00:00,175.26,150,207,194958,2016-02-04 00:00:00,75.0,78.0,right,medium,medium,74.0,69.0,46.0,79.0,65.0,73.0,73.0,78.0,79.0,73.0,69.0,71.0,71.0,66.0,67.0,70.0,72.0,83.0,64.0,72.0,75.0,63.0,73.0,81.0,73.0,56.0,65.0,62.0,11.0,8.0,12.0,11.0,12.0,8526
3547,209,119305,Agon Mehmeti,187338,1989-11-20 00:00:00,182.88,174,3548,187338,2016-04-28 00:00:00,64.0,65.0,right,medium,medium,41.0,70.0,61.0,62.0,65.0,53.0,49.0,47.0,39.0,57.0,63.0,67.0,68.0,56.0,61.0,67.0,73.0,68.0,71.0,58.0,56.0,37.0,68.0,60.0,58.0,16.0,26.0,20.0,12.0,8.0,10.0,11.0,6.0,8526
2931,172,571685,Adrian Marin,224921,1997-01-09 00:00:00,180.34,161,2932,224921,2016-05-12 00:00:00,72.0,82.0,left,medium,medium,75.0,40.0,54.0,71.0,48.0,69.0,62.0,35.0,59.0,72.0,74.0,76.0,70.0,69.0,64.0,60.0,66.0,69.0,63.0,42.0,67.0,77.0,51.0,52.0,32.0,71.0,72.0,76.0,9.0,14.0,14.0,8.0,8.0,8526
3960,237,24160,Aiyegbeni Yakubu,109693,1982-11-22 00:00:00,182.88,183,3961,109693,2016-05-12 00:00:00,69.0,69.0,right,low,low,49.0,72.0,72.0,60.0,72.0,59.0,57.0,59.0,57.0,69.0,52.0,50.0,40.0,57.0,56.0,83.0,36.0,33.0,88.0,69.0,57.0,37.0,72.0,56.0,80.0,19.0,31.0,29.0,8.0,11.0,7.0,15.0,6.0,8526
3351,200,40930,Adrien Silva,184826,1989-03-15 00:00:00,175.26,152,3352,184826,2016-04-07 00:00:00,80.0,81.0,right,high,high,78.0,70.0,61.0,82.0,77.0,80.0,75.0,78.0,84.0,84.0,60.0,60.0,71.0,74.0,56.0,83.0,56.0,76.0,56.0,82.0,77.0,79.0,74.0,82.0,85.0,58.0,75.0,64.0,15.0,6.0,8.0,10.0,7.0,8526
1769,111,43317,Adam Kokoszka,174665,1986-10-06 00:00:00,187.96,181,1770,174665,2016-03-10 00:00:00,67.0,67.0,right,low,medium,35.0,31.0,64.0,47.0,42.0,47.0,37.0,24.0,40.0,49.0,55.0,71.0,68.0,64.0,59.0,67.0,53.0,80.0,80.0,28.0,81.0,73.0,30.0,46.0,44.0,60.0,76.0,60.0,12.0,10.0,11.0,11.0,11.0,9825
2228,135,26136,Adama Coulibaly,5440,1980-09-10 00:00:00,185.42,183,2229,5440,2015-04-10 00:00:00,64.0,64.0,right,medium,medium,34.0,38.0,69.0,56.0,31.0,44.0,46.0,42.0,59.0,56.0,49.0,45.0,48.0,63.0,57.0,54.0,60.0,62.0,72.0,46.0,71.0,64.0,33.0,47.0,34.0,62.0,63.0,60.0,14.0,12.0,6.0,13.0,15.0,9825
451,27,3264,Abdelmalek Cherrad,51868,1981-01-14 00:00:00,185.42,165,452,51868,2010-08-30 00:00:00,62.0,73.0,right,,_0,49.0,64.0,65.0,54.0,58.0,58.0,46.0,44.0,27.0,64.0,69.0,54.0,66.0,58.0,62.0,63.0,74.0,58.0,61.0,59.0,52.0,30.0,74.0,66.0,41.0,30.0,34.0,36.0,13.0,7.0,7.0,9.0,13.0,9825
4984,298,32763,"Alberto Luque,21",8741,1978-03-11 00:00:00,182.88,176,4985,8741,2010-08-30 00:00:00,72.0,81.0,left,None,1,74.0,76.0,60.0,70.0,73.0,70.0,71.0,79.0,63.0,76.0,65.0,64.0,63.0,66.0,67.0,83.0,57.0,52.0,69.0,77.0,61.0,34.0,67.0,75.0,71.0,27.0,26.0,13.0,8.0,9.0,8.0,8.0,13.0,9825
1030,66,240556,Abel Tamata,202153,1990-12-05 00:00:00,182.88,170,1031,202153,2016-03-24 00:00:00,68.0,71.0,right,high,medium,63.0,50.0,66.0,66.0,42.0,66.0,40.0,41.0,59.0,64.0,70.0,69.0,69.0,66.0,60.0,48.0,82.0,72.0,72.0,51.0,72.0,70.0,40.0,49.0,55.0,70.0,70.0,71.0,9.0,6.0,7.0,10.0,8.0,9825
732,45,40005,Abdoulaye Faye,100329,1978-02-26 00:00:00,187.96,218,733,100329,2014-03-07 00:00:00,67.0,67.0,right,low,medium,29.0,45.0,72.0,51.0,34.0,40.0,29.0,29.0,55.0,46.0,26.0,33.0,31.0,63.0,47.0,55.0,62.0,52.0,84.0,31.0,75.0,65.0,31.0,42.0,33.0,67.0,69.0,64.0,10.0,14.0,10.0,14.0,7.0,9825
3907,232,128843,Aislan,188132,1988-01-11 00:00:00,193.04,198,3908,188132,2015-09-21 00:00:00,65.0,65.0,right,high,medium,31.0,37.0,70.0,38.0,27.0,34.0,45.0,45.0,34.0,61.0,67.0,64.0,33.0,66.0,39.0,28.0,51.0,62.0,84.0,31.0,68.0,64.0,43.0,51.0,52.0,66.0,65.0,62.0,6.0,7.0,10.0,15.0,10.0,9825
3944,235,185301,Aitor Nunez,193364,1987-10-02 00:00:00,177.8,154,3945,193364,2012-02-22 00:00:00,61.0,68.0,right,medium,medium,59.0,30.0,47.0,60.0,39.0,42.0,63.0,49.0,58.0,63.0,73.0,69.0,69.0,61.0,67.0,49.0,64.0,66.0,58.0,41.0,74.0,60.0,54.0,49.0,46.0,62.0,61.0,60.0,13.0,12.0,6.0,11.0,12.0,9825
2963,175,112976,Adrian Nikci,187850,1989-11-10 00:00:00,182.88,168,2964,187850,2016-04-21 00:00:00,66.0,66.0,right,medium,medium,64.0,58.0,59.0,65.0,55.0,71.0,61.0,59.0,54.0,72.0,80.0,78.0,76.0,63.0,71.0,60.0,64.0,60.0,64.0,60.0,52.0,26.0,63.0,57.0,66.0,26.0,34.0,31.0,6.0,8.0,7.0,9.0,15.0,9825
3734,218,41182,Ahmed Kantari,172423,1985-06-28 00:00:00,185.42,181,3735,172423,2015-12-03 00:00:00,69.0,69.0,left,medium,medium,40.0,28.0,73.0,63.0,30.0,45.0,39.0,26.0,65.0,63.0,51.0,55.0,59.0,61.0,56.0,55.0,72.0,63.0,80.0,29.0,69.0,66.0,39.0,38.0,34.0,69.0,70.0,68.0,10.0,8.0,12.0,11.0,6.0,9825
3995,240,244128,Akoete Eninful,202373,1992-07-21 00:00:00,182.88,154,3996,202373,2011-08-30 00:00:00,59.0,72.0,left,medium,medium,57.0,42.0,60.0,62.0,46.0,57.0,39.0,45.0,61.0,61.0,62.0,71.0,65.0,64.0,62.0,62.0,65.0,74.0,62.0,52.0,66.0,57.0,42.0,54.0,47.0,52.0,58.0,57.0,9.0,13.0,10.0,15.0,9.0,9825
3537,208,118883,Agim Ibraimi,206396,1988-08-29 00:00:00,177.8,157,3538,206396,2014-05-09 00:00:00,74.0,80.0,left,high,medium,75.0,58.0,42.0,79.0,64.0,78.0,80.0,80.0,59.0,82.0,78.0,76.0,78.0,70.0,68.0,58.0,58.0,64.0,60.0,58.0,66.0,40.0,76.0,77.0,80.0,24.0,34.0,26.0,3.0,3.0,3.0,3.0,3.0,9880
3307,197,352879,Adrien Rabiot,210008,1995-04-03 00:00:00,187.96,157,3308,210008,2016-01-14 00:00:00,77.0,84.0,left,high,medium,67.0,66.0,73.0,81.0,68.0,74.0,67.0,57.0,78.0,81.0,64.0,62.0,72.0,78.0,53.0,75.0,76.0,73.0,77.0,76.0,74.0,75.0,66.0,79.0,68.0,59.0,72.0,66.0,9.0,12.0,9.0,7.0,15.0,9880
4580,278,45605,Albert Crusat,110375,1982-05-13 00:00:00,165.1,143,4581,110375,2013-07-12 00:00:00,71.0,71.0,left,high,medium,61.0,55.0,32.0,60.0,35.0,75.0,67.0,67.0,46.0,77.0,88.0,90.0,84.0,72.0,95.0,77.0,77.0,79.0,56.0,53.0,73.0,22.0,71.0,73.0,68.0,17.0,15.0,18.0,11.0,9.0,8.0,5.0,12.0,9880
899,56,31012,Abdulkader Keita,157191,1981-08-06 00:00:00,182.88,172,900,157191,2012-08-31 00:00:00,82.0,82.0,right,medium,medium,75.0,72.0,77.0,73.0,69.0,86.0,69.0,57.0,76.0,83.0,92.0,88.0,84.0,81.0,65.0,88.0,78.0,81.0,89.0,78.0,75.0,37.0,85.0,70.0,84.0,13.0,28.0,23.0,6.0,7.0,8.0,7.0,15.0,9880
4243,257,92935,Alan Kardec,184858,1989-01-12 00:00:00,187.96,176,4244,184858,2016-04-07 00:00:00,76.0,76.0,right,medium,low,55.0,81.0,87.0,65.0,66.0,70.0,56.0,61.0,57.0,71.0,64.0,70.0,68.0,75.0,39.0,78.0,55.0,70.0,78.0,65.0,53.0,33.0,83.0,59.0,69.0,21.0,29.0,24.0,7.0,16.0,12.0,10.0,9.0,9880
3327,199,188413,Adrien Regattin,197081,1991-08-22 00:00:00,167.64,146,3328,197081,2016-04-28 00:00:00,77.0,82.0,right,high,medium,75.0,74.0,51.0,77.0,73.0,82.0,76.0,78.0,73.0,79.0,79.0,80.0,79.0,74.0,90.0,80.0,63.0,75.0,70.0,80.0,77.0,63.0,73.0,73.0,72.0,60.0,62.0,57.0,9.0,10.0,9.0,12.0,14.0,9880
2751,163,102572,Adrian Colunga,171732,1984-11-17 00:00:00,172.72,154,2752,171732,2016-04-14 00:00:00,70.0,70.0,right,medium,low,63.0,71.0,52.0,67.0,68.0,76.0,78.0,69.0,46.0,75.0,76.0,74.0,80.0,73.0,84.0,75.0,72.0,59.0,59.0,67.0,54.0,25.0,70.0,65.0,79.0,16.0,16.0,12.0,7.0,6.0,9.0,11.0,10.0,9880
2247,136,164360,Adama Francois,194952,1989-11-30 00:00:00,193.04,176,2248,194952,2016-04-21 00:00:00,67.0,69.0,right,medium,medium,53.0,35.0,69.0,56.0,45.0,44.0,37.0,38.0,48.0,52.0,48.0,53.0,33.0,61.0,32.0,54.0,56.0,66.0,89.0,40.0,80.0,63.0,30.0,41.0,54.0,65.0,67.0,61.0,8.0,12.0,9.0,6.0,7.0,9880
2548,151,276701,Adis Jahovic,212107,1987-03-18 00:00:00,190.5,198,2549,212107,2016-04-07 00:00:00,69.0,69.0,right,medium,medium,36.0,72.0,74.0,53.0,66.0,64.0,38.0,35.0,43.0,69.0,60.0,63.0,53.0,65.0,38.0,73.0,56.0,60.0,79.0,68.0,70.0,15.0,74.0,44.0,63.0,16.0,25.0,19.0,10.0,14.0,15.0,9.0,8.0,9880
3284,195,171737,Adrien Goni,191221,1988-08-25 00:00:00,172.72,146,3285,191221,2011-02-22 00:00:00,63.0,66.0,right,,_0,61.0,56.0,31.0,70.0,48.0,56.0,66.0,71.0,59.0,69.0,71.0,67.0,69.0,68.0,54.0,61.0,65.0,57.0,55.0,66.0,48.0,51.0,58.0,68.0,51.0,14.0,16.0,21.0,9.0,6.0,13.0,12.0,11.0,9880
3172,186,280969,Adriano Facchini,205122,1983-03-12 00:00:00,187.96,172,3173,205122,2015-01-09 00:00:00,70.0,70.0,right,medium,medium,25.0,25.0,25.0,27.0,25.0,25.0,25.0,25.0,25.0,26.0,36.0,39.0,32.0,66.0,48.0,25.0,73.0,30.0,69.0,25.0,31.0,21.0,25.0,25.0,29.0,25.0,25.0,25.0,71.0,70.0,65.0,69.0,73.0,9880
3990,239,20771,Akihiro Ienaga,201971,1986-06-13 00:00:00,172.72,154,3991,201971,2013-09-20 00:00:00,67.0,72.0,left,medium,medium,63.0,61.0,56.0,62.0,52.0,76.0,68.0,59.0,57.0,73.0,82.0,79.0,64.0,57.0,83.0,59.0,70.0,72.0,59.0,56.0,56.0,40.0,61.0,63.0,57.0,21.0,31.0,33.0,10.0,12.0,12.0,11.0,12.0,8342
3233,191,121923,Adriano,183243,1982-01-21 00:00:00,175.26,168,3234,183243,2009-02-22 00:00:00,68.0,71.0,right,le,ean,49.0,71.0,67.0,62.0,,76.0,,52.0,53.0,68.0,77.0,77.0,,67.0,,60.0,,80.0,61.0,59.0,46.0,53.0,62.0,,50.0,21.0,22.0,,9.0,21.0,53.0,21.0,21.0,8342
2777,164,43348,Adrian Cristea,152920,1983-11-30 00:00:00,177.8,161,2778,152920,2013-07-12 00:00:00,65.0,65.0,right,medium,medium,57.0,66.0,72.0,66.0,66.0,66.0,65.0,79.0,59.0,68.0,66.0,62.0,61.0,57.0,64.0,62.0,54.0,59.0,48.0,68.0,51.0,38.0,63.0,64.0,52.0,46.0,52.0,45.0,5.0,13.0,9.0,6.0,14.0,8342
815,52,196947,Abdul Majeed Waris,198420,1991-09-19 00:00:00,172.72,157,816,198420,2015-09-21 00:00:00,72.0,76.0,right,medium,low,56.0,71.0,63.0,67.0,65.0,74.0,49.0,51.0,56.0,75.0,93.0,92.0,79.0,64.0,83.0,74.0,90.0,73.0,65.0,64.0,56.0,36.0,70.0,71.0,65.0,37.0,33.0,34.0,3.0,3.0,3.0,3.0,3.0,8342
500,34,41093,Abdou Traore,187048,1988-01-17 00:00:00,180.34,174,501,187048,2016-04-21 00:00:00,70.0,70.0,right,medium,medium,62.0,63.0,60.0,77.0,62.0,75.0,66.0,49.0,74.0,75.0,73.0,69.0,76.0,68.0,69.0,66.0,51.0,61.0,63.0,61.0,56.0,64.0,57.0,72.0,48.0,63.0,64.0,61.0,8.0,14.0,15.0,11.0,9.0,8342
4171,252,32693,Alan Combe,4246,1974-04-03 00:00:00,185.42,172,4172,4246,2013-05-10 00:00:00,58.0,58.0,right,medium,medium,6.0,6.0,12.0,21.0,11.0,19.0,8.0,6.0,18.0,13.0,18.0,21.0,53.0,58.0,50.0,22.0,66.0,32.0,62.0,12.0,52.0,25.0,12.0,42.0,7.0,12.0,9.0,6.0,58.0,60.0,58.0,61.0,53.0,8342
490,33,563215,Abdou Diallo,225711,1996-05-04 00:00:00,182.88,159,491,225711,2016-04-28 00:00:00,66.0,77.0,left,medium,medium,42.0,30.0,61.0,59.0,37.0,47.0,41.0,32.0,67.0,50.0,67.0,69.0,46.0,59.0,64.0,42.0,76.0,72.0,68.0,24.0,72.0,57.0,30.0,33.0,41.0,67.0,73.0,70.0,12.0,7.0,7.0,7.0,8.0,8342
1497,96,310346,Adam Cummins,200743,1993-03-03 00:00:00,187.96,172,1498,200743,2014-09-18 00:00:00,59.0,69.0,right,medium,medium,46.0,25.0,65.0,53.0,24.0,41.0,25.0,22.0,33.0,57.0,54.0,55.0,54.0,46.0,33.0,55.0,71.0,60.0,71.0,24.0,54.0,54.0,33.0,32.0,22.0,59.0,59.0,56.0,9.0,8.0,6.0,9.0,13.0,8342
525,35,564712,Abdoul Ba,225050,1994-02-08 00:00:00,200.66,212,526,225050,2016-03-10 00:00:00,64.0,70.0,right,medium,medium,35.0,30.0,56.0,57.0,32.0,36.0,27.0,30.0,33.0,52.0,54.0,49.0,47.0,56.0,25.0,41.0,33.0,52.0,95.0,27.0,49.0,59.0,28.0,31.0,47.0,65.0,71.0,66.0,9.0,11.0,13.0,12.0,15.0,8342
4818,289,47565,Alberto De la Bella,172013,1985-12-02 00:00:00,182.88,181,4819,172013,2016-03-24 00:00:00,77.0,77.0,left,high,medium,80.0,45.0,59.0,74.0,32.0,72.0,73.0,38.0,73.0,79.0,75.0,78.0,78.0,72.0,69.0,57.0,68.0,84.0,69.0,71.0,69.0,80.0,58.0,61.0,49.0,75.0,77.0,79.0,16.0,10.0,8.0,12.0,6.0,8342
4594,279,37483,Albert Meyong Ze,14510,1980-10-19 00:00:00,182.88,157,4595,14510,2016-04-14 00:00:00,72.0,72.0,right,medium,medium,55.0,74.0,75.0,65.0,72.0,73.0,66.0,67.0,64.0,74.0,62.0,61.0,70.0,69.0,67.0,80.0,73.0,53.0,73.0,68.0,53.0,46.0,74.0,63.0,80.0,35.0,51.0,42.0,6.0,6.0,8.0,6.0,14.0,8342
640,40,210400,Abdoulaye Bamba,199313,1990-04-25 00:00:00,182.88,150,641,199313,2016-04-28 00:00:00,69.0,71.0,right,medium,medium,67.0,28.0,61.0,64.0,49.0,52.0,58.0,49.0,60.0,63.0,80.0,77.0,81.0,67.0,62.0,50.0,74.0,80.0,71.0,53.0,63.0,67.0,22.0,57.0,38.0,65.0,68.0,68.0,14.0,13.0,8.0,7.0,8.0,7788
695,43,189181,Abdoulaye Diallo,197233,1992-03-30 00:00:00,187.96,174,696,197233,2016-04-21 00:00:00,69.0,74.0,right,medium,medium,12.0,11.0,13.0,34.0,14.0,15.0,15.0,14.0,25.0,17.0,42.0,40.0,57.0,71.0,52.0,19.0,66.0,31.0,75.0,12.0,18.0,24.0,11.0,24.0,20.0,19.0,20.0,12.0,70.0,63.0,63.0,70.0,75.0,7788
2462,146,37249,Adil Chihi,177615,1988-02-21 00:00:00,182.88,172,2463,177615,2015-03-06 00:00:00,68.0,68.0,left,medium,low,67.0,62.0,59.0,68.0,67.0,73.0,67.0,62.0,55.0,72.0,76.0,74.0,79.0,67.0,70.0,67.0,52.0,63.0,70.0,61.0,60.0,38.0,67.0,66.0,64.0,25.0,23.0,25.0,9.0,14.0,7.0,7.0,5.0,7788
1205,78,33715,Abraham Paz Cruz,114663,1979-03-14 00:00:00,177.8,165,1206,114663,2013-04-26 00:00:00,66.0,66.0,right,high,medium,49.0,43.0,71.0,64.0,49.0,50.0,72.0,57.0,78.0,66.0,60.0,63.0,56.0,59.0,67.0,59.0,80.0,70.0,76.0,42.0,69.0,65.0,43.0,52.0,71.0,55.0,64.0,69.0,8.0,12.0,12.0,11.0,5.0,7788
1900,116,478447,Adam Marusic,224031,1992-10-17 00:00:00,177.8,179,1901,224031,2016-05-05 00:00:00,69.0,73.0,right,high,high,65.0,65.0,57.0,64.0,64.0,73.0,58.0,48.0,63.0,72.0,74.0,82.0,63.0,64.0,67.0,71.0,70.0,75.0,74.0,71.0,67.0,57.0,69.0,66.0,58.0,46.0,52.0,49.0,8.0,9.0,7.0,10.0,10.0,7788
3867,230,213737,Airam Cabrera,194076,1987-10-21 00:00:00,180.34,172,3868,194076,2016-01-28 00:00:00,63.0,63.0,left,medium,medium,45.0,60.0,61.0,62.0,60.0,54.0,54.0,48.0,56.0,63.0,60.0,69.0,67.0,64.0,61.0,60.0,75.0,72.0,68.0,59.0,51.0,31.0,72.0,61.0,76.0,25.0,15.0,20.0,7.0,7.0,11.0,9.0,14.0,7788
1728,109,24159,Adam Johnson,165740,1987-07-14 00:00:00,175.26,139,1729,165740,2015-10-30 00:00:00,78.0,78.0,left,medium,medium,79.0,75.0,44.0,79.0,67.0,85.0,77.0,77.0,73.0,82.0,78.0,69.0,84.0,72.0,78.0,74.0,53.0,71.0,64.0,78.0,62.0,48.0,77.0,74.0,68.0,39.0,33.0,34.0,9.0,6.0,14.0,14.0,10.0,7788
4733,285,107929,Alberto Botia,191688,1989-01-27 00:00:00,187.96,176,4734,191688,2016-04-21 00:00:00,74.0,75.0,right,medium,high,52.0,56.0,77.0,65.0,30.0,54.0,49.0,32.0,71.0,68.0,55.0,62.0,61.0,57.0,51.0,74.0,75.0,72.0,83.0,46.0,82.0,72.0,53.0,47.0,29.0,74.0,73.0,77.0,12.0,13.0,16.0,8.0,8.0,7788
3718,217,297556,Ahmed Hegazy,210648,1991-01-25 00:00:00,195.58,183,3719,210648,2016-01-28 00:00:00,65.0,69.0,right,medium,medium,18.0,17.0,68.0,50.0,23.0,38.0,36.0,29.0,32.0,49.0,34.0,34.0,48.0,51.0,35.0,27.0,55.0,55.0,79.0,15.0,60.0,59.0,20.0,25.0,30.0,69.0,74.0,73.0,14.0,14.0,5.0,10.0,8.0,7788
2714,160,154950,Adrian Basta,189658,1988-12-01 00:00:00,180.34,172,2715,189658,2015-12-03 00:00:00,65.0,66.0,right,medium,medium,60.0,45.0,50.0,57.0,33.0,52.0,58.0,50.0,56.0,54.0,81.0,77.0,68.0,61.0,60.0,50.0,64.0,72.0,70.0,43.0,68.0,63.0,45.0,29.0,50.0,66.0,64.0,67.0,15.0,10.0,7.0,14.0,16.0,7788
2858,169,78537,Adrian Klepczynski,165003,1981-04-01 00:00:00,187.96,165,2859,165003,2015-05-15 00:00:00,61.0,61.0,right,medium,medium,56.0,30.0,51.0,45.0,35.0,40.0,59.0,32.0,41.0,42.0,50.0,61.0,73.0,74.0,57.0,62.0,57.0,79.0,64.0,48.0,61.0,56.0,36.0,42.0,36.0,60.0,61.0,70.0,13.0,12.0,8.0,7.0,13.0,7788
4962,297,37451,Alberto Lopo,110341,1980-05-05 00:00:00,185.42,179,4963,110341,2016-04-14 00:00:00,72.0,72.0,right,low,high,44.0,59.0,78.0,69.0,28.0,32.0,31.0,47.0,63.0,64.0,45.0,54.0,36.0,64.0,52.0,53.0,78.0,55.0,84.0,48.0,78.0,66.0,47.0,42.0,60.0,71.0,74.0,70.0,9.0,9.0,14.0,8.0,16.0,9826
3208,189,39199,Adriano Pereira da Silva,135530,1982-04-03 00:00:00,180.34,165,3209,135530,2013-05-10 00:00:00,67.0,67.0,right,medium,medium,54.0,42.0,58.0,56.0,26.0,44.0,37.0,74.0,53.0,57.0,72.0,62.0,58.0,65.0,66.0,67.0,91.0,72.0,75.0,55.0,71.0,72.0,41.0,47.0,56.0,71.0,63.0,66.0,12.0,12.0,14.0,5.0,13.0,9826
675,42,194479,"Abdoulaye Diallo Sadio,22",204171,1990-12-28 00:00:00,182.88,168,676,204171,2016-03-24 00:00:00,73.0,75.0,right,None,5,64.0,69.0,68.0,75.0,69.0,76.0,64.0,72.0,67.0,75.0,74.0,76.0,74.0,73.0,60.0,73.0,71.0,71.0,74.0,72.0,54.0,49.0,66.0,71.0,68.0,44.0,36.0,24.0,8.0,14.0,14.0,8.0,13.0,9826
3950,236,33993,Aitor Ocio,9639,1976-11-28 00:00:00,187.96,170,3951,9639,2012-02-22 00:00:00,69.0,69.0,right,medium,medium,56.0,32.0,72.0,75.0,45.0,56.0,59.0,53.0,63.0,61.0,32.0,32.0,47.0,54.0,47.0,63.0,46.0,31.0,75.0,38.0,73.0,67.0,44.0,58.0,45.0,71.0,72.0,69.0,11.0,6.0,8.0,6.0,13.0,9826
578,38,39562,Abdoulay Konko,161999,1984-03-09 00:00:00,182.88,157,579,161999,2016-04-21 00:00:00,75.0,75.0,right,high,medium,75.0,50.0,66.0,78.0,65.0,71.0,68.0,57.0,74.0,74.0,79.0,79.0,79.0,76.0,72.0,71.0,76.0,69.0,75.0,64.0,73.0,77.0,68.0,57.0,50.0,70.0,75.0,74.0,12.0,15.0,10.0,11.0,14.0,9826
1277,83,293235,Achraf Lazaar,206161,1992-09-22 00:00:00,182.88,168,1278,206161,2016-04-21 00:00:00,73.0,78.0,left,high,high,73.0,43.0,57.0,69.0,51.0,75.0,67.0,40.0,67.0,77.0,79.0,82.0,78.0,75.0,70.0,77.0,70.0,85.0,65.0,71.0,71.0,67.0,63.0,59.0,48.0,69.0,73.0,73.0,10.0,11.0,6.0,13.0,13.0,9826
1329,87,495841,Adalberto Penaranda,231638,1997-05-31 00:00:00,182.88,172,1330,231638,2016-07-07 00:00:00,72.0,84.0,right,medium,medium,49.0,78.0,71.0,63.0,56.0,74.0,45.0,43.0,49.0,73.0,82.0,81.0,60.0,71.0,60.0,73.0,61.0,64.0,63.0,70.0,35.0,20.0,69.0,59.0,77.0,20.0,20.0,21.0,6.0,14.0,13.0,8.0,6.0,9826
2692,159,261599,Adnane Tighadouini,203377,1992-11-30 00:00:00,177.8,159,2693,203377,2016-05-12 00:00:00,74.0,79.0,right,medium,medium,69.0,77.0,50.0,68.0,75.0,83.0,83.0,63.0,57.0,81.0,78.0,75.0,77.0,74.0,77.0,74.0,75.0,72.0,69.0,82.0,56.0,26.0,73.0,68.0,77.0,30.0,37.0,24.0,11.0,6.0,11.0,12.0,8.0,9826
146,8,30895,Aaron Lennon,152747,1987-04-16 00:00:00,165.1,139,147,152747,2015-10-16 00:00:00,77.0,77.0,right,high,medium,78.0,66.0,28.0,76.0,68.0,84.0,63.0,55.0,54.0,81.0,89.0,89.0,93.0,74.0,92.0,62.0,71.0,75.0,56.0,57.0,57.0,37.0,71.0,73.0,62.0,30.0,34.0,35.0,14.0,7.0,7.0,16.0,11.0,9826
1535,99,23133,Adam Drury,101882,1978-08-29 00:00:00,180.34,161,1536,101882,2014-05-23 00:00:00,64.0,64.0,left,medium,medium,61.0,29.0,58.0,64.0,25.0,61.0,60.0,41.0,57.0,71.0,64.0,52.0,61.0,59.0,65.0,39.0,65.0,64.0,67.0,44.0,61.0,65.0,41.0,54.0,44.0,67.0,70.0,68.0,7.0,7.0,15.0,6.0,14.0,9826
2991,176,116881,Adrian Paluchowski,188910,1987-08-19 00:00:00,180.34,165,2992,188910,2010-02-22 00:00:00,61.0,67.0,right,,_0,43.0,64.0,53.0,59.0,,62.0,,51.0,48.0,55.0,78.0,73.0,,57.0,,59.0,,61.0,55.0,57.0,54.0,43.0,58.0,,61.0,22.0,34.0,,3.0,22.0,48.0,22.0,22.0,9826
835,53,89405,Abdul Osman,184768,1987-02-27 00:00:00,182.88,154,836,184768,2016-05-12 00:00:00,66.0,66.0,right,medium,high,48.0,34.0,62.0,64.0,30.0,55.0,43.0,33.0,56.0,63.0,66.0,70.0,57.0,65.0,72.0,33.0,71.0,83.0,75.0,25.0,76.0,67.0,46.0,47.0,39.0,65.0,68.0,61.0,8.0,9.0,6.0,12.0,16.0,208931
2651,157,449241,Adnan Januzaj,208330,1995-02-05 00:00:00,182.88,165,2652,208330,2016-01-14 00:00:00,75.0,84.0,left,medium,low,72.0,66.0,23.0,75.0,67.0,84.0,70.0,65.0,73.0,81.0,85.0,77.0,84.0,69.0,65.0,58.0,61.0,55.0,56.0,67.0,31.0,21.0,68.0,76.0,60.0,20.0,22.0,22.0,15.0,10.0,11.0,12.0,7.0,208931
1615,104,173993,Adam Fraczczak,209453,1987-08-07 00:00:00,182.88,168,1616,209453,2016-04-28 00:00:00,68.0,68.0,right,high,medium,72.0,55.0,68.0,64.0,57.0,63.0,64.0,63.0,66.0,59.0,77.0,83.0,75.0,64.0,71.0,65.0,80.0,90.0,75.0,62.0,83.0,59.0,68.0,74.0,70.0,62.0,67.0,66.0,15.0,8.0,6.0,10.0,11.0,208931
4203,254,37085,Alan Haydock,36846,1976-01-13 00:00:00,175.26,159,4204,36846,2008-08-30 00:00:00,64.0,65.0,right,norm,ormal,60.0,43.0,60.0,65.0,,46.0,,43.0,63.0,56.0,60.0,61.0,,60.0,,63.0,,70.0,62.0,55.0,71.0,74.0,75.0,,69.0,55.0,64.0,,13.0,24.0,63.0,24.0,24.0,208931
714,44,352887,Abdoulaye Doucoure,208135,1993-01-01 00:00:00,182.88,165,715,208135,2016-03-03 00:00:00,73.0,79.0,right,high,medium,68.0,70.0,66.0,75.0,67.0,75.0,41.0,42.0,74.0,75.0,65.0,67.0,60.0,68.0,64.0,75.0,71.0,83.0,75.0,74.0,75.0,71.0,58.0,77.0,45.0,69.0,71.0,65.0,15.0,12.0,12.0,15.0,14.0,208931
2196,132,71359,Adam Vass,170046,1988-09-09 00:00:00,180.34,165,2197,170046,2013-11-29 00:00:00,66.0,70.0,right,medium,medium,61.0,45.0,58.0,74.0,47.0,61.0,62.0,61.0,72.0,69.0,68.0,70.0,65.0,63.0,65.0,59.0,67.0,71.0,75.0,61.0,75.0,59.0,55.0,67.0,57.0,50.0,63.0,66.0,8.0,10.0,15.0,9.0,11.0,208931
2951,174,39311,Adrian Mutu,184410,1979-08-01 00:00:00,182.88,168,2952,184410,2013-09-20 00:00:00,75.0,75.0,right,high,low,72.0,78.0,65.0,79.0,73.0,75.0,82.0,76.0,67.0,79.0,65.0,69.0,75.0,73.0,76.0,74.0,65.0,55.0,71.0,75.0,80.0,36.0,78.0,76.0,86.0,21.0,30.0,28.0,10.0,10.0,12.0,10.0,8.0,208931
1379,90,27534,Adam Bodzek,177129,1985-09-07 00:00:00,182.88,174,1380,177129,2016-04-21 00:00:00,69.0,69.0,right,medium,medium,49.0,46.0,64.0,64.0,54.0,57.0,65.0,63.0,64.0,63.0,58.0,53.0,66.0,68.0,63.0,66.0,80.0,75.0,75.0,59.0,71.0,71.0,50.0,58.0,57.0,68.0,72.0,70.0,11.0,15.0,15.0,8.0,10.0,208931
4557,277,35831,Albert Bunjaku,144050,1983-11-29 00:00:00,177.8,165,4558,144050,2015-10-30 00:00:00,67.0,67.0,right,medium,medium,50.0,65.0,63.0,63.0,67.0,65.0,57.0,59.0,44.0,66.0,68.0,66.0,70.0,66.0,75.0,71.0,74.0,58.0,71.0,59.0,57.0,39.0,71.0,59.0,66.0,18.0,26.0,22.0,9.0,10.0,15.0,10.0,15.0,208931
772,49,148827,Abdoulwahid Sissoko,189568,1990-03-20 00:00:00,182.88,165,773,189568,2016-03-31 00:00:00,69.0,71.0,left,high,medium,70.0,53.0,61.0,71.0,58.0,54.0,54.0,47.0,67.0,73.0,67.0,69.0,71.0,73.0,62.0,72.0,68.0,72.0,74.0,52.0,74.0,67.0,66.0,64.0,52.0,58.0,70.0,65.0,14.0,10.0,10.0,7.0,8.0,208931
3803,224,441166,Ahmet Ozcan,213932,1995-03-07 00:00:00,182.88,165,3804,213932,2014-05-09 00:00:00,50.0,55.0,right,medium,medium,27.0,22.0,45.0,28.0,29.0,25.0,31.0,22.0,23.0,29.0,58.0,54.0,40.0,43.0,65.0,41.0,75.0,61.0,55.0,26.0,50.0,49.0,22.0,31.0,36.0,47.0,56.0,56.0,7.0,12.0,14.0,14.0,6.0,208931
3202,188,172172,Adriano Jose de Lara,193874,1987-12-09 00:00:00,185.42,190,3203,193874,2013-05-24 00:00:00,60.0,66.0,right,medium,medium,58.0,54.0,57.0,65.0,67.0,70.0,39.0,58.0,64.0,66.0,67.0,70.0,62.0,67.0,48.0,72.0,41.0,65.0,66.0,60.0,47.0,58.0,60.0,51.0,46.0,56.0,61.0,53.0,7.0,6.0,10.0,6.0,12.0,9789
3189,187,39190,Adriano Ferreira Pinto,163653,1979-12-10 00:00:00,177.8,179,3190,163653,2013-06-07 00:00:00,67.0,67.0,right,high,medium,73.0,59.0,57.0,70.0,72.0,70.0,73.0,67.0,70.0,72.0,65.0,75.0,63.0,65.0,75.0,70.0,63.0,30.0,77.0,71.0,67.0,63.0,68.0,63.0,65.0,41.0,67.0,55.0,11.0,5.0,8.0,9.0,12.0,9789
4340,263,30248,Alan Smith,13739,1980-10-28 00:00:00,180.34,179,4341,13739,2016-03-03 00:00:00,63.0,63.0,right,medium,medium,62.0,59.0,77.0,61.0,66.0,60.0,58.0,49.0,59.0,69.0,52.0,34.0,58.0,70.0,78.0,69.0,86.0,49.0,80.0,57.0,87.0,70.0,61.0,68.0,65.0,59.0,65.0,59.0,15.0,9.0,8.0,12.0,16.0,9789
3884,231,133535,Airton,187954,1990-02-21 00:00:00,180.34,170,3885,187954,2014-07-18 00:00:00,71.0,76.0,right,low,medium,58.0,52.0,70.0,73.0,58.0,65.0,49.0,51.0,67.0,68.0,59.0,60.0,57.0,67.0,61.0,64.0,73.0,82.0,81.0,67.0,81.0,71.0,57.0,58.0,49.0,71.0,69.0,72.0,12.0,12.0,10.0,12.0,11.0,9789
1176,76,208635,Abraham Kudemor,202600,1985-02-25 00:00:00,182.88,179,1177,202600,2014-11-14 00:00:00,65.0,65.0,right,medium,high,46.0,48.0,68.0,62.0,36.0,47.0,28.0,43.0,59.0,58.0,73.0,71.0,70.0,65.0,52.0,71.0,80.0,78.0,86.0,56.0,84.0,64.0,54.0,51.0,45.0,63.0,67.0,64.0,11.0,5.0,14.0,11.0,15.0,9789
609,39,191784,Abdoulaye Ba,204826,1991-01-01 00:00:00,198.12,174,610,204826,2016-06-09 00:00:00,73.0,77.0,right,low,medium,35.0,22.0,81.0,58.0,30.0,35.0,36.0,59.0,42.0,53.0,40.0,53.0,34.0,63.0,31.0,58.0,73.0,64.0,83.0,50.0,81.0,70.0,25.0,40.0,68.0,74.0,76.0,71.0,11.0,12.0,12.0,15.0,15.0,9789
465,30,41659,Abderrazak Jadid,149241,1983-06-01 00:00:00,177.8,157,466,149241,2015-09-25 00:00:00,63.0,63.0,right,medium,medium,57.0,53.0,58.0,69.0,57.0,59.0,69.0,68.0,66.0,64.0,65.0,67.0,71.0,67.0,70.0,67.0,57.0,62.0,57.0,61.0,58.0,47.0,63.0,67.0,57.0,47.0,39.0,37.0,8.0,15.0,16.0,9.0,11.0,9789
2483,147,40012,Adil Hermach,177713,1986-06-27 00:00:00,182.88,154,2484,177713,2016-01-07 00:00:00,71.0,71.0,right,high,medium,62.0,53.0,61.0,70.0,54.0,67.0,70.0,64.0,74.0,72.0,68.0,67.0,72.0,71.0,69.0,76.0,79.0,81.0,75.0,73.0,77.0,75.0,63.0,74.0,61.0,60.0,63.0,67.0,8.0,11.0,13.0,10.0,14.0,9789
857,54,324910,Abdul Rahman Baba,209620,1994-07-02 00:00:00,177.8,154,858,209620,2016-03-17 00:00:00,77.0,84.0,left,high,medium,80.0,48.0,67.0,73.0,41.0,76.0,67.0,23.0,67.0,77.0,85.0,86.0,78.0,74.0,74.0,59.0,74.0,79.0,71.0,47.0,73.0,72.0,56.0,55.0,42.0,73.0,79.0,78.0,12.0,11.0,6.0,11.0,10.0,9789
1303,84,34487,Aco Stojkov,140730,1983-04-29 00:00:00,177.8,165,1304,140730,2010-02-22 00:00:00,59.0,62.0,right,,_0,59.0,57.0,62.0,58.0,,56.0,,34.0,38.0,62.0,62.0,60.0,,55.0,,65.0,,66.0,61.0,48.0,61.0,61.0,60.0,,47.0,23.0,27.0,,12.0,23.0,38.0,23.0,23.0,9789
2534,149,38612,Adil Ramzi,2115,1977-07-14 00:00:00,177.8,163,2535,2115,2013-05-17 00:00:00,65.0,65.0,right,medium,medium,62.0,56.0,50.0,68.0,54.0,66.0,49.0,70.0,68.0,69.0,59.0,60.0,67.0,67.0,63.0,73.0,76.0,51.0,72.0,56.0,56.0,43.0,65.0,70.0,75.0,42.0,30.0,32.0,12.0,6.0,10.0,10.0,9.0,9789
